NET_PRICE,CONTROL,UGDS,PCTPELL,PCTFLOAN,GRAD_DEBT_MDN_SUPP,RPY_3YR_RT_SUPP,SATVRMID,SATMTMID,MD_EARN_WNE_P10,INSTNM
13057.0,1,5098.0,0.6853,0.6552,31000.0,0.2531554273,475.0,460.0,39059.0,Alabama A & M University
16585.0,1,13284.0,0.3253,0.4401,22300.0,0.513963161,637.0,644.0,50907.0,University of Alabama at Birmingham
17250.0,1,7358.0,0.2377,0.3578,20705.0,0.5485090298,640.0,655.0,56901.0,University of Alabama in Huntsville
13593.0,1,3495.0,0.7205,0.7637,31000.0,0.2185867473,488.0,457.0,34018.0,Alabama State University
21534.0,1,30725.0,0.1712,0.3454,22750.0,0.6019442985,610.0,610.0,56118.0,The University of Alabama
13689.0,1,3742.0,0.4821,0.5138,25000.0,0.4418886199,538.0,518.0,43743.0,Auburn University at Montgomery
21098.0,2,1048.0,0.2152,0.6785,25000.0,0.7559912854,580.0,585.0,55236.0,Birmingham-Southern College
20371.0,2,1696.0,0.461,0.6022,23000.0,0.3081623745,550.0,548.0,41523.0,Faulkner University
23330.0,2,838.0,0.3946,0.7043,27000.0,0.5146036161,535.0,490.0,47328.0,Huntingdon College
18336.0,1,6992.0,0.4109,0.6939,22189.0,0.4210392257,535.0,590.0,41504.0,Jacksonville State University
16258.0,1,2310.0,0.5294,0.6499,24944.0,0.3667296786,450.0,480.0,38617.0,University of West Alabama
12029.0,1,314.0,0.3566,0.3641,9250.0,0.5924657534,605.0,595.0,50097.0,Marion Military Institute
17348.0,1,2184.0,0.395,0.5247,24000.0,0.5173333333,545.0,540.0,40439.0,University of Montevallo
30716.0,2,3604.0,0.1149,0.3093,19500.0,0.7767548907,615.0,580.0,54742.0,Samford University
16223.0,1,8631.0,0.3672,0.512,24929.0,0.4695919938,555.0,545.0,45018.0,University of South Alabama
20891.0,2,989.0,0.3648,0.7484,27000.0,0.6072013093,510.0,505.0,51166.0,Spring Hill College
14019.0,1,10916.0,0.4028,0.6436,25000.0,0.3498531898,533.0,510.0,41691.0,Troy University
34926.0,2,2184.0,0.1318,0.1305,27000.0,0.4960173787,525.0,500.0,43878.0,Tuskegee University
9684.0,1,4108.0,0.2178,0.1844,20291.0,0.547265987,620.0,615.0,46150.0,University of Alaska Fairbanks
15601.0,1,36560.0,0.2868,0.2882,19620.0,0.6562777285,620.0,625.0,59805.0,University of Arizona
36270.0,2,3015.0,0.1901,0.381,23666.0,0.6444394213,615.0,630.0,82012.0,Embry-Riddle Aeronautical University-Prescott
31546.0,2,1012.0,0.3924,0.7514,23000.0,0.5551470588,535.0,530.0,44012.0,Arizona Christian University
15868.0,1,5025.0,0.4255,0.4335,22000.0,0.5772706733,555.0,545.0,42973.0,University of Arkansas at Little Rock
10786.0,2,576.0,0.388,0.5895,21500.0,0.6743295019,555.0,568.0,45416.0,Lyon College
14998.0,1,24001.0,0.1795,0.3377,21500.0,0.6712301975,575.0,560.0,54417.0,University of Arkansas
10542.0,1,2444.0,0.6984,0.5812,24202.0,0.3661573288,464.0,449.0,34777.0,University of Arkansas at Pine Bluff
13430.0,1,7478.0,0.367,0.4526,20500.0,0.5756867329,550.0,565.0,39824.0,Arkansas State University
14735.0,1,7763.0,0.3658,0.432,20346.0,0.6233618234,550.0,520.0,43712.0,University of Central Arkansas
23545.0,2,546.0,0.4768,0.553,22250.0,0.5753424658,519.0,501.0,42333.0,Central Baptist College
20429.0,2,3262.0,0.2128,0.4561,26500.0,0.7277023036,595.0,580.0,50273.0,Harding University
16696.0,1,2205.0,0.4638,0.666,19500.0,0.561760841,527.0,538.0,40681.0,Henderson State University
10299.0,2,1103.0,0.2863,0.4275,26688.0,0.7620320856,620.0,595.0,48230.0,Hendrix College
18641.0,2,1381.0,0.2489,0.3912,21250.0,0.7462871287,608.0,603.0,54964.0,John Brown University
14486.0,2,775.0,0.3541,0.4354,20875.0,0.59030837,520.0,520.0,40448.0,University of the Ozarks
15664.0,2,593.0,0.5094,0.6484,21820.0,0.6174242424,495.0,478.0,38840.0,Williams Baptist University
15873.0,1,2795.0,0.4505,0.7328,18750.0,0.4865079365,515.0,520.0,40671.0,Southern Arkansas University Main Campus
24811.0,2,3937.0,0.3312,0.4772,23219.0,0.6398247056,561.0,556.0,61701.0,Azusa Pacific University
27161.0,2,3592.0,0.2736,0.4786,23875.0,0.7403017241,626.0,600.0,53148.0,Biola University
21442.0,2,2588.0,0.3249,0.5342,21669.0,0.7060260586,595.0,595.0,65401.0,California Lutheran University
39047.0,2,7469.0,0.1898,0.4365,20500.0,0.676021461,655.0,655.0,64844.0,Chapman University
24483.0,2,1580.0,0.257,0.6045,24247.0,0.6862955032,580.0,565.0,59831.0,Concordia University-Irvine
44990.0,2,1243.0,0.33,0.5993,27000.0,0.7153196622,579.0,590.0,71134.0,Dominican University of California
11531.0,2,2668.0,0.6093,0.6237,23146.0,0.5337209302,550.0,555.0,55044.0,Fresno Pacific University
21605.0,2,3686.0,0.4706,0.5784,23500.0,0.5224144017,518.0,503.0,62629.0,University of La Verne
23480.0,2,1270.0,0.4411,0.5607,27000.0,0.5204678363,515.0,495.0,60858.0,La Sierra University
34580.0,2,6999.0,0.1431,0.3198,19500.0,0.7843866171,660.0,675.0,71771.0,Loyola Marymount University
22037.0,2,438.0,0.4563,0.4926,21481.0,0.6877192982,736.0,660.0,57423.0,Mills College
29663.0,2,1952.0,0.1811,0.3279,23000.0,0.8759541985,705.0,710.0,68355.0,Occidental College
40888.0,2,1191.0,0.367,0.4738,27000.0,0.6936416185,655.0,590.0,51787.0,Otis College of Art and Design
18248.0,2,619.0,0.4855,0.7915,23000.0,0.5446428571,520.0,570.0,43659.0,Hope International University
17874.0,2,3269.0,0.372,0.4299,19500.0,0.7276096356,620.0,630.0,80965.0,University of the Pacific
35167.0,2,3706.0,0.1856,0.3541,23510.0,0.744732577,670.0,680.0,78224.0,Pepperdine University
33537.0,2,3170.0,0.2646,0.5003,22990.0,0.7935299715,640.0,620.0,64114.0,Point Loma Nazarene University
9170.0,2,1747.0,0.2138,0.0383,11782.0,0.8510638298,750.0,770.0,74305.0,Pomona College
20152.0,2,2596.0,0.3459,0.569,26000.0,0.6832579186,615.0,580.0,68726.0,University of Redlands
37768.0,2,5937.0,0.2871,0.4443,23000.0,0.7321924144,645.0,645.0,83794.0,University of San Francisco
43228.0,2,5887.0,0.1063,0.2281,19162.0,0.8798674399,685.0,725.0,99012.0,Santa Clara University
39142.0,2,1091.0,0.1132,0.188,13500.0,0.923566879,730.0,720.0,70465.0,Scripps College
20181.0,2,1972.0,0.4568,0.8829,22000.0,0.6570680628,555.0,535.0,53394.0,Vanguard University of Southern California
25972.0,2,20619.0,0.2112,0.2302,18000.0,0.8019733823,720.0,755.0,89884.0,University of Southern California
26228.0,2,497.0,0.2229,0.71,18000.0,0.923566879,665.0,610.0,47874.0,Thomas Aquinas College
31438.0,2,1238.0,0.1729,0.5155,23250.0,0.8161434978,658.0,653.0,63267.0,Westmont College
19774.0,2,1321.0,0.3557,0.6695,24937.0,0.6729377713,635.0,595.0,60015.0,Whittier College
14305.0,1,1484.0,0.3717,0.4932,19500.0,0.459791283,515.0,515.0,38434.0,Adams State University
13322.0,1,11042.0,0.2564,0.2506,20500.0,0.601254868,575.0,565.0,60077.0,University of Colorado Denver/Anschutz Medical Campus
21771.0,1,30414.0,0.153,0.2472,19500.0,0.7374584357,640.0,640.0,65273.0,University of Colorado Boulder
25211.0,1,5440.0,0.1377,0.381,23000.0,0.9055183946,685.0,705.0,95887.0,Colorado School of Mines
19016.0,1,24344.0,0.2128,0.3386,20000.0,0.7121704117,600.0,585.0,58388.0,Colorado State University-Fort Collins
32618.0,2,5771.0,0.1562,0.3353,21844.0,0.7306397306,655.0,640.0,68764.0,University of Denver
14925.0,1,3260.0,0.3625,0.3117,18389.0,0.5765550239,555.0,530.0,41422.0,Fort Lewis College
15898.0,1,7904.0,0.3096,0.3896,22000.0,0.4893529047,545.0,529.0,43389.0,Colorado Mesa University
13806.0,1,15625.0,0.3245,0.3385,21500.0,0.4776819362,520.0,505.0,49932.0,Metropolitan State University of Denver
16075.0,1,6683.0,0.2615,0.399,20470.0,0.6216042781,555.0,535.0,48942.0,University of Northern Colorado
23916.0,2,2616.0,0.224,0.4395,25000.0,0.6104928458,580.0,570.0,67164.0,Regis University
13999.0,1,3092.0,0.3567,0.5808,21500.0,0.5336236091,520.0,515.0,48674.0,Colorado State University Pueblo
17437.0,1,1722.0,0.1673,0.3001,20250.0,0.6302702703,580.0,555.0,46955.0,Western Colorado University
24416.0,2,1733.0,0.5532,0.7536,25750.0,0.5003162555,520.0,520.0,51396.0,University of Bridgeport
13434.0,1,7616.0,0.3649,0.4603,22300.0,0.6128649418,545.0,520.0,56799.0,Central Connecticut State University
31814.0,2,1811.0,0.1623,0.3903,23500.0,0.9057971014,714.0,691.0,70044.0,Connecticut College
21724.0,1,18362.0,0.2302,0.3638,21500.0,0.7798093248,655.0,675.0,76076.0,University of Connecticut
43569.0,2,4548.0,0.0976,0.5106,26000.0,0.8162208801,655.0,650.0,95393.0,Fairfield University
29932.0,2,3915.0,0.2807,0.6322,27000.0,0.6615384615,595.0,580.0,63870.0,University of Hartford
33109.0,2,4970.0,0.2829,0.8548,27000.0,0.6973575557,605.0,585.0,58152.0,University of New Haven
25776.0,2,895.0,0.3831,0.7483,27000.0,0.6064981949,536.0,573.0,54455.0,University of Saint Joseph
32036.0,2,2143.0,0.1441,0.1495,23000.0,0.8032407407,702.0,705.0,76456.0,Trinity College
26080.0,2,3250.0,0.1711,0.21,17000.0,0.8760757315,700.0,705.0,72547.0,Wesleyan University
16341.0,2,6535.0,0.2141,0.0542,12975.0,0.8607305936,755.0,775.0,95961.0,Yale University
18313.0,1,18707.0,0.1497,0.4471,24572.0,0.8,628.0,620.0,71861.0,University of Delaware
28037.0,2,8158.0,0.1425,0.334,22750.0,0.7885844749,695.0,665.0,75354.0,American University
22616.0,2,998.0,0.4956,0.1708,18000.0,0.5640326975,484.0,478.0,37101.0,Gallaudet University
26272.0,2,10929.0,0.1424,0.2696,20449.0,0.8030700112,700.0,700.0,87548.0,George Washington University
24570.0,2,7395.0,0.1301,0.2134,15500.0,0.881875,735.0,745.0,101797.0,Georgetown University
45837.0,2,8902.0,0.4175,0.5143,24500.0,0.3495055624,600.0,585.0,59441.0,Howard University
7641.0,2,252.0,0.4026,0.2667,23590.0,0.5627705628,509.0,484.0,38772.0,The Baptist College of Florida
11854.0,2,2513.0,0.7272,0.7549,31000.0,0.2113012336,470.0,435.0,38237.0,Bethune-Cookman University
35705.0,2,2632.0,0.2554,0.3286,17940.0,0.5647969052,555.0,560.0,45722.0,Lynn University
18041.0,2,148.0,0.6438,0.6688,21500.0,0.6151960784,470.0,445.0,38008.0,Johnson University Florida
9217.0,1,59710.0,0.3466,0.2626,18190.0,0.5894870661,640.0,620.0,54850.0,University of Central Florida
35156.0,2,6899.0,0.183,0.3266,23666.0,0.6444394213,615.0,620.0,82012.0,Embry-Riddle Aeronautical University-Daytona Beach
12479.0,1,7005.0,0.5638,0.4714,23548.0,0.3422073343,555.0,525.0,43616.0,Florida Agricultural and Mechanical University
7990.0,1,23695.0,0.3638,0.2723,17236.0,0.5458125796,565.0,545.0,53644.0,Florida Atlantic University
23575.0,2,2631.0,0.3018,0.5309,24250.0,0.5905923345,560.0,525.0,46810.0,Flagler College
20918.0,2,528.0,0.2623,0.584,12000.0,0.6946107784,535.0,495.0,44859.0,Florida College
31172.0,2,3219.0,0.2098,0.3761,27000.0,0.3697735192,620.0,620.0,53864.0,Florida Institute of Technology
6232.0,1,39936.0,0.4677,0.3745,16500.0,0.5364827312,590.0,560.0,57946.0,Florida International University
25434.0,2,2741.0,0.2661,0.5624,25000.0,0.6364513018,635.0,613.0,49449.0,Florida Southern College
9561.0,1,33368.0,0.256,0.2342,18000.0,0.6298657394,640.0,620.0,57007.0,Florida State University
3679.0,1,34044.0,0.2344,0.1449,15000.0,0.6880226425,685.0,700.0,69468.0,University of Florida
24748.0,2,2627.0,0.3172,0.4659,22000.0,0.5393474088,580.0,555.0,57255.0,Jacksonville University
30742.0,2,11928.0,0.1503,0.2548,17500.0,0.7333573228,685.0,695.0,71739.0,University of Miami
7159.0,1,13862.0,0.292,0.2505,15531.0,0.5882242991,565.0,540.0,52114.0,University of North Florida
25737.0,2,6578.0,0.3912,0.4571,24250.0,0.4797011208,590.0,585.0,56055.0,Nova Southeastern University
27597.0,2,2274.0,0.2816,0.4208,22500.0,0.5704514364,575.0,560.0,49234.0,Palm Beach Atlantic University
17321.0,2,6456.0,0.4533,0.4543,25278.0,0.356011298,530.0,510.0,47428.0,Saint Leo University
8318.0,1,36681.0,0.3196,0.2504,17988.0,0.5749133749,620.0,615.0,54364.0,University of South Florida
27150.0,2,1797.0,0.2265,0.2438,19125.0,0.4921985816,490.0,470.0,55391.0,St. Thomas University
19900.0,2,2826.0,0.3418,0.5334,23250.0,0.617954071,610.0,583.0,50835.0,Stetson University
27891.0,2,5296.0,0.2742,0.3964,21500.0,0.5504523312,555.0,517.0,42006.0,Southeastern University
34866.0,2,9838.0,0.1875,0.7011,24211.0,0.6488240065,585.0,570.0,57297.0,The University of Tampa
17464.0,2,341.0,0.5584,0.8462,24250.0,0.4691358025,512.0,472.0,30455.0,Trinity Baptist College
17497.0,2,199.0,0.5701,0.6028,23250.0,0.4295774648,490.0,465.0,37862.0,Trinity College of Florida
20162.0,2,762.0,0.5805,0.7524,22250.0,0.3635077793,490.0,460.0,44658.0,Warner University
8152.0,1,8881.0,0.3283,0.2771,16624.0,0.5347567031,580.0,555.0,45884.0,The University of West Florida
7203.0,1,3323.0,0.3712,0.3115,16750.0,0.4412275622,535.0,500.0,34083.0,Abraham Baldwin Agricultural College
20764.0,2,266.0,0.6291,0.7483,12533.0,0.375,530.0,520.0,35432.0,Andrew College
19095.0,2,794.0,0.431,0.327,25250.0,0.3124287343,510.0,500.0,39459.0,Point University
33836.0,2,3376.0,0.6796,0.8918,27000.0,0.3121412804,497.0,460.0,41968.0,Clark Atlanta University
21980.0,2,2170.0,0.2258,0.4487,23250.0,0.726618705,634.0,584.0,47499.0,Berry College
22771.0,2,1310.0,0.4509,0.7386,27000.0,0.4541800643,560.0,505.0,49629.0,Brenau University
13258.0,1,2750.0,0.3891,0.3049,15039.0,0.3863501484,463.0,449.0,35266.0,College of Coastal Georgia
13697.0,1,5986.0,0.4299,0.4376,26000.0,0.3758259912,505.0,495.0,43204.0,Columbus State University
24467.0,2,840.0,0.2023,0.459,22500.0,0.8191268191,605.0,580.0,49143.0,Covenant College
19128.0,2,786.0,0.3462,0.5113,24325.0,0.4142857143,540.0,530.0,39143.0,Emmanuel College
25424.0,2,7050.0,0.196,0.2548,18250.0,0.7968103957,720.0,760.0,81802.0,Emory University
13320.0,1,2635.0,0.7628,0.7919,31000.0,0.191741619,440.0,440.0,36389.0,Fort Valley State University
14820.0,1,16566.0,0.1333,0.2117,21672.0,0.8472092298,680.0,725.0,96375.0,Georgia Institute of Technology-Main Campus
12567.0,1,2018.0,0.3888,0.4043,18851.0,0.4503664224,560.0,520.0,44541.0,Georgia Southwestern State University
19827.0,1,5489.0,0.1718,0.3877,22250.0,0.710251046,595.0,570.0,54288.0,Georgia College & State University
15851.0,1,22404.0,0.3633,0.4451,23250.0,0.5230109204,555.0,540.0,50829.0,Georgia Southern University
17738.0,1,28415.0,0.4918,0.4437,20903.0,0.4443787482,590.0,580.0,44812.0,Georgia State University
14995.0,1,30032.0,0.1916,0.2663,18500.0,0.6802183594,680.0,680.0,63405.0,University of Georgia
8925.0,1,2546.0,0.4686,0.3924,17500.0,0.3007772896,510.0,480.0,36490.0,Gordon State College
28257.0,2,908.0,0.3911,0.509,16666.0,0.3549160671,495.0,493.0,45512.0,Life University
20884.0,2,4699.0,0.3152,0.5557,24199.0,0.4664031621,663.0,648.0,52487.0,Mercer University
14079.0,2,1408.0,0.3512,0.6997,25000.0,0.4711538462,600.0,575.0,49918.0,Oglethorpe University
19827.0,2,1213.0,0.4241,0.6706,25000.0,0.4774665043,565.0,550.0,48097.0,Piedmont University
16638.0,2,1183.0,0.4089,0.5865,25000.0,0.3869047619,550.0,525.0,44832.0,Shorter University
22759.0,2,688.0,0.4167,0.5451,21198.0,0.4173913043,520.0,490.0,44231.0,Thomas University
20737.0,2,784.0,0.2719,0.3399,22250.0,0.5856832972,565.0,525.0,37975.0,Toccoa Falls College
19652.0,2,838.0,0.1079,0.1667,23439.0,0.5386904762,578.0,560.0,38798.0,Truett McConnell University
13336.0,1,8421.0,0.519,0.5237,24779.0,0.4083426861,535.0,505.0,46357.0,Valdosta State University
11365.0,2,574.0,0.396,0.4805,24094.0,0.4054054054,595.0,527.0,37674.0,Wesleyan College
16239.0,1,8572.0,0.4395,0.4655,23970.0,0.4344457688,550.0,485.0,47080.0,University of West Georgia
13259.0,1,2630.0,0.4399,0.3253,20500.0,0.6322957198,565.0,540.0,45518.0,University of Hawaii at Hilo
13430.0,1,13839.0,0.2574,0.2907,18500.0,0.6938028813,605.0,580.0,56055.0,University of Hawaii at Manoa
27434.0,2,2726.0,0.2171,0.2558,22000.0,0.6262261229,584.0,570.0,55349.0,Hawaii Pacific University
12423.0,1,2651.0,0.3097,0.2383,14500.0,0.5909878683,575.0,520.0,52531.0,University of Hawaii-West Oahu
12019.0,1,6861.0,0.285,0.3624,21982.0,0.6182030338,560.0,545.0,51325.0,University of Idaho
23787.0,2,1118.0,0.2373,0.4745,24500.0,0.7181372549,589.0,574.0,48012.0,The College of Idaho
22893.0,2,1172.0,0.3141,0.582,23750.0,0.6507503411,560.0,540.0,46841.0,Northwest Nazarene University
6577.0,2,43532.0,0.2814,0.1431,13969.0,0.7002285253,555.0,540.0,52551.0,Brigham Young University-Idaho
17285.0,2,4076.0,0.4372,0.5948,20318.0,0.6186746988,525.0,520.0,53159.0,Aurora University
19462.0,2,384.0,0.5833,0.8275,24242.0,0.552407932,520.0,487.0,41589.0,Blackburn College
24835.0,2,4319.0,0.2779,0.6511,27000.0,0.766758494,585.0,585.0,66315.0,Bradley University
22690.0,2,7558.0,0.1226,0.0564,15000.0,0.8724324324,760.0,785.0,78439.0,University of Chicago
12872.0,1,4616.0,0.3171,0.3844,21500.0,0.5781413887,520.0,500.0,50741.0,Eastern Illinois University
23036.0,2,2791.0,0.3668,0.5758,20489.0,0.7127371274,562.0,555.0,58657.0,Elmhurst University
19903.0,2,468.0,0.454,0.638,23250.0,0.6723404255,513.0,500.0,44812.0,Eureka College
9419.0,1,2698.0,0.5051,0.4489,18618.0,0.452173913,480.0,465.0,52665.0,Governors State University
21222.0,2,828.0,0.4143,0.6574,23875.0,0.6212471132,525.0,510.0,44195.0,Greenville University
11329.0,1,22011.0,0.486,0.2922,16704.0,0.6881439336,595.0,600.0,64108.0,University of Illinois Chicago
24121.0,2,2174.0,0.3876,0.5476,22500.0,0.5692307692,575.0,590.0,61453.0,Benedictine University
15483.0,1,33889.0,0.2526,0.3183,19500.0,0.7884637885,685.0,730.0,77368.0,University of Illinois Urbana-Champaign
27611.0,2,1646.0,0.2372,0.6644,27000.0,0.843615495,625.0,585.0,66591.0,Illinois Wesleyan University
16349.0,2,1088.0,0.4073,0.74,25565.0,0.7692307692,535.0,515.0,51953.0,Illinois College
22166.0,2,2889.0,0.296,0.4052,25000.0,0.802978236,640.0,680.0,82793.0,Illinois Institute of Technology
20579.0,1,17632.0,0.2989,0.4982,20482.0,0.7400207361,560.0,540.0,58781.0,Illinois State University
20824.0,2,923.0,0.413,0.6331,25000.0,0.6605783866,515.0,510.0,51562.0,Judson University
23285.0,2,1140.0,0.318,0.5997,27000.0,0.7599206349,645.0,620.0,51471.0,Knox College
23642.0,2,1657.0,0.3564,0.5,26158.0,0.7724358974,618.0,620.0,66559.0,Lake Forest College
17323.0,2,3799.0,0.3149,0.5005,21500.0,0.6590709904,565.0,580.0,61393.0,Lewis University
17541.0,2,795.0,0.5646,0.7932,20812.0,0.3161016949,395.0,360.0,34028.0,Lincoln College
27330.0,2,11739.0,0.2282,0.4812,24157.0,0.7538461538,640.0,620.0,66791.0,Loyola University Chicago
28547.0,2,514.0,0.4758,0.8995,31250.0,0.6078947368,505.0,475.0,66066.0,Methodist College
19230.0,2,1719.0,0.3424,0.647,27000.0,0.6422310757,545.0,530.0,46513.0,Millikin University
17467.0,2,750.0,0.299,0.7045,27000.0,0.6605263158,590.0,600.0,49661.0,Monmouth College
25605.0,2,2384.0,0.2525,0.6105,24500.0,0.7455325232,570.0,560.0,57787.0,North Central College
18956.0,2,1834.0,0.4561,0.6544,25500.0,0.6416732439,516.0,510.0,55242.0,North Park University
28230.0,2,8691.0,0.1869,0.1907,15000.0,0.8701616854,745.0,775.0,85796.0,Northwestern University
20023.0,2,2599.0,0.3498,0.7177,25000.0,0.6662584201,550.0,535.0,50851.0,Olivet Nazarene University
16178.0,2,966.0,0.293,0.5293,24000.0,0.6025641026,570.0,580.0,47879.0,Quincy University
23040.0,2,956.0,0.4328,0.634,22274.0,0.5788770053,505.0,495.0,52541.0,Rockford University
24251.0,2,2585.0,0.4729,0.5629,22000.0,0.45645103,505.0,485.0,45701.0,Roosevelt University
17840.0,2,2034.0,0.4792,0.6343,24411.0,0.6351219512,520.0,515.0,56955.0,Dominican University
16578.0,2,1519.0,0.3866,0.6122,21079.0,0.652688172,525.0,520.0,60919.0,University of St Francis
12065.0,1,2441.0,0.3497,0.4167,19128.0,0.5764139591,575.0,545.0,52925.0,University of Illinois Springfield
16316.0,1,7973.0,0.3455,0.467,21543.0,0.5050697085,535.0,510.0,50562.0,Southern Illinois University-Carbondale
14331.0,1,9903.0,0.3166,0.4291,20500.0,0.5838428757,530.0,510.0,54293.0,Southern Illinois University-Edwardsville
14555.0,2,832.0,0.332,0.7557,25009.0,0.6824858757,550.0,535.0,52079.0,Trinity Christian College
19979.0,2,476.0,0.3497,0.6678,26082.0,0.5627198124,535.0,515.0,44008.0,Trinity International University-Illinois
25287.0,2,2301.0,0.2181,0.4318,23250.0,0.8789473684,660.0,680.0,60007.0,Wheaton College
22009.0,2,1137.0,0.3593,0.7021,27000.0,0.6376221498,530.0,530.0,45222.0,Anderson University
15464.0,1,13896.0,0.3395,0.7729,23250.0,0.6458934663,560.0,550.0,49177.0,Ball State University
36631.0,2,4388.0,0.1407,0.4281,26000.0,0.8453683443,625.0,620.0,72865.0,Butler University
22469.0,2,1708.0,0.1821,0.3379,27000.0,0.8177496038,630.0,660.0,66577.0,DePauw University
22195.0,2,653.0,0.3057,0.4823,23488.0,0.7838541667,615.0,605.0,45931.0,Earlham College
20340.0,2,1554.0,0.2126,0.4302,24606.0,0.7607305936,575.0,575.0,51987.0,University of Evansville
21185.0,2,880.0,0.3817,0.7132,27000.0,0.7106690778,535.0,535.0,52038.0,Franklin College
16407.0,2,725.0,0.3349,0.5659,22974.0,0.8198614319,565.0,565.0,48025.0,Goshen College
18393.0,2,1426.0,0.3048,0.5277,19500.0,0.7978227061,560.0,545.0,45507.0,Grace College and Theological Seminary
19722.0,2,1000.0,0.292,0.5341,25250.0,0.7119815668,615.0,595.0,51346.0,Hanover College
23745.0,2,445.0,0.2923,0.6396,24000.0,0.5884476534,615.0,600.0,48030.0,Holy Cross College
18851.0,2,1002.0,0.3243,0.5496,25576.0,0.7635726795,564.0,545.0,40979.0,Huntington University
10455.0,1,5708.0,0.2956,0.3289,21500.0,0.5301828775,555.0,550.0,44374.0,Purdue University Fort Wayne
10947.0,1,18707.0,0.3466,0.3536,20000.0,0.5456813489,570.0,565.0,50477.0,Indiana University-Purdue University-Indianapolis
14611.0,1,6031.0,0.2399,0.3369,20105.0,0.5920627596,565.0,560.0,44224.0,University of Southern Indiana
4757.0,1,2612.0,0.3574,0.3428,16961.0,0.5009721322,550.0,540.0,43073.0,Indiana University-Kokomo
8518.0,1,3791.0,0.3929,0.3703,21355.0,0.4920634921,550.0,535.0,40816.0,Indiana University-South Bend
14216.0,1,33995.0,0.1803,0.2787,19509.0,0.7158610739,630.0,640.0,61279.0,Indiana University-Bloomington
6666.0,1,2941.0,0.4177,0.382,21710.0,0.358699412,535.0,505.0,44517.0,Indiana University-Northwest
6914.0,1,3427.0,0.3335,0.3064,19684.0,0.4901561439,560.0,525.0,44383.0,Indiana University-Southeast
8149.0,1,2639.0,0.3613,0.3766,18000.0,0.4386865059,560.0,550.0,41226.0,Indiana University-East
21077.0,2,2268.0,0.2536,0.5611,24250.0,0.5428111854,555.0,540.0,55759.0,Indiana Wesleyan University-Marion
32369.0,2,8950.0,0.1016,0.2926,19000.0,0.9330334833,730.0,750.0,93220.0,University of Notre Dame
11304.0,2,584.0,0.1824,0.1987,16758.0,0.5930232558,535.0,535.0,40917.0,Oakland City University
36277.0,2,2075.0,0.1242,0.4574,25000.0,0.9328467153,665.0,710.0,97688.0,Rose-Hulman Institute of Technology
17773.0,2,1724.0,0.4187,0.6805,25976.0,0.5794701987,530.0,525.0,48788.0,University of Saint Francis-Fort Wayne
15385.0,2,784.0,0.5453,0.7004,19512.0,0.5007680492,535.0,513.0,38510.0,Saint Mary-of-the-Woods College
24335.0,2,1375.0,0.2552,0.6287,27000.0,0.8443708609,588.0,573.0,59312.0,Saint Mary's College
29030.0,2,156.0,0.4906,0.7736,26213.0,0.625,490.0,465.0,63606.0,Saint Elizabeth School of Nursing
25144.0,2,2254.0,0.1985,0.4997,25000.0,0.6286919831,560.0,575.0,54719.0,Trine University
19772.0,2,840.0,0.265,0.6544,27000.0,0.7008310249,620.0,620.0,62697.0,Wabash College
18031.0,2,1451.0,0.4663,0.7555,25000.0,0.5823199252,532.0,520.0,47076.0,Buena Vista University
22535.0,2,1106.0,0.2545,0.7107,26984.0,0.7709923664,565.0,565.0,53417.0,Central College
26777.0,2,702.0,0.3672,0.78,26717.0,0.748549323,505.0,505.0,50541.0,Clarke University
21543.0,2,1045.0,0.2365,0.5768,27000.0,0.7101167315,660.0,620.0,51898.0,Cornell College
25575.0,2,1411.0,0.2075,0.4923,21500.0,0.9128440367,580.0,590.0,52342.0,Dordt University
29098.0,2,2857.0,0.1854,0.4487,23000.0,0.8358433735,655.0,645.0,73451.0,Drake University
15226.0,2,297.0,0.3171,0.2083,12971.0,0.8675496689,580.0,520.0,42315.0,Faith Baptist Bible College and Theological Seminary
18561.0,2,922.0,0.5333,0.7963,21212.0,0.5878995434,495.0,505.0,45600.0,Graceland University-Lamoni
36663.0,2,1532.0,0.4008,0.7149,22500.0,0.6125,500.0,500.0,53256.0,Grand View University
28610.0,2,1713.0,0.2009,0.3443,17500.0,0.885786802,710.0,740.0,62529.0,Grinnell College
15351.0,1,25537.0,0.1979,0.4793,22869.0,0.7589904679,595.0,612.0,60973.0,Iowa State University
33614.0,2,717.0,0.5161,0.6129,23347.0,0.5685884692,465.0,455.0,46798.0,Iowa Wesleyan University
19443.0,1,21198.0,0.1886,0.4109,22500.0,0.709922646,625.0,615.0,62670.0,University of Iowa
25291.0,2,1732.0,0.2003,0.6421,27000.0,0.8259557344,579.0,624.0,55451.0,Luther College
14017.0,1,7812.0,0.2597,0.4943,19691.0,0.7279649724,535.0,550.0,51651.0,University of Northern Iowa
23185.0,2,1030.0,0.2507,0.6193,23249.0,0.87135506,545.0,545.0,49445.0,Northwestern College
24786.0,2,2220.0,0.2568,0.6911,25000.0,0.6804564907,550.0,560.0,57818.0,Saint Ambrose University
20680.0,2,1167.0,0.3567,0.7069,26000.0,0.7568359375,525.0,560.0,52638.0,Simpson College
24064.0,2,2323.0,0.4405,0.5745,25000.0,0.4993270525,490.0,470.0,51790.0,Upper Iowa University
22177.0,2,1505.0,0.2445,0.6645,27000.0,0.7906976744,531.0,555.0,55659.0,Wartburg College
21066.0,2,1263.0,0.5008,0.8864,22415.0,0.5106732348,475.0,455.0,45073.0,William Penn University
24493.0,2,1206.0,0.2794,0.5768,25000.0,0.6510736196,510.0,540.0,60914.0,Baker University
26321.0,2,2073.0,0.1667,0.5094,24599.0,0.77125,625.0,600.0,48297.0,Benedictine College
26108.0,2,690.0,0.4633,0.7785,23250.0,0.6666666667,458.0,455.0,46723.0,Bethany College
24711.0,2,478.0,0.3471,0.688,24000.0,0.6943521595,540.0,535.0,49126.0,Bethel College-North Newton
18709.0,1,18427.0,0.1978,0.3759,21000.0,0.6581306018,605.0,605.0,58993.0,University of Kansas
28337.0,2,1008.0,0.3372,0.5917,15000.0,0.6911090742,438.0,468.0,55725.0,MidAmerica Nazarene University
26214.0,2,786.0,0.4472,0.9181,21500.0,0.4652137469,500.0,480.0,48846.0,Ottawa University-Ottawa
25751.0,2,1145.0,0.419,0.4465,25000.0,0.5686512758,510.0,505.0,51735.0,Southwestern College
22309.0,2,599.0,0.3774,0.5444,24625.0,0.5964912281,536.0,546.0,44983.0,Sterling College
14372.0,1,10466.0,0.309,0.4144,20500.0,0.5362578335,552.0,550.0,50739.0,Wichita State University
16293.0,2,613.0,0.5912,0.5404,19599.0,0.4647887324,505.0,445.0,38478.0,Alice Lloyd College
23443.0,2,2356.0,0.2358,0.5461,25000.0,0.7438794727,595.0,600.0,56346.0,Bellarmine University
3442.0,2,1454.0,0.8869,0.0573,3591.0,0.6761006289,598.0,596.0,40738.0,Berea College
13626.0,2,702.0,0.0784,0.0896,29430.0,0.4908350305,525.0,530.0,39343.0,Brescia University
20610.0,2,1315.0,0.198,0.4396,27000.0,0.8044077135,650.0,700.0,60447.0,Centre College
14654.0,2,4379.0,0.472,0.4653,14911.0,0.5261958998,525.0,545.0,41038.0,University of the Cumberlands
13821.0,1,10987.0,0.3804,0.4614,22500.0,0.4846035948,535.0,530.0,42134.0,Eastern Kentucky University
28242.0,2,774.0,0.4273,0.6144,23250.0,0.5708661417,508.0,523.0,44736.0,Kentucky Wesleyan College
18268.0,1,21358.0,0.2124,0.3644,22500.0,0.6325903151,602.0,605.0,55890.0,University of Kentucky
23106.0,2,514.0,0.4183,0.6483,22250.0,0.5263157895,465.0,450.0,40872.0,Kentucky Christian University
17744.0,1,13815.0,0.2773,0.3236,20500.0,0.5853184249,580.0,580.0,51380.0,University of Louisville
23204.0,2,1168.0,0.4656,0.6753,21301.0,0.4322169059,535.0,495.0,42360.0,Midway University
11226.0,1,6744.0,0.3137,0.3979,20500.0,0.5724856125,550.0,530.0,43077.0,Murray State University
6575.0,1,8982.0,0.2558,0.3796,23000.0,0.5464907995,535.0,562.0,46832.0,Northern Kentucky University
22977.0,2,683.0,0.4129,0.6503,25250.0,0.4295774648,515.0,500.0,48144.0,Spalding University
24489.0,2,970.0,0.2751,0.5617,27000.0,0.75,600.0,590.0,54373.0,Transylvania University
21504.0,2,776.0,0.5565,0.6674,24250.0,0.4670050761,517.0,535.0,39874.0,Union College
29008.0,2,514.0,0.3569,0.6504,27000.0,0.7190635452,575.0,560.0,49077.0,Centenary College of Louisiana
18901.0,2,1200.0,0.7556,0.9909,31000.0,0.5470668486,523.0,518.0,37037.0,Dillard University
17157.0,1,4405.0,0.8814,0.9169,36500.0,0.4084337349,471.0,460.0,35049.0,Grambling State University
7166.0,1,3176.0,0.374,0.3958,19000.0,0.626984127,565.0,525.0,41051.0,Louisiana State University-Alexandria
18300.0,1,26455.0,0.2421,0.2753,20500.0,0.7236295681,620.0,605.0,59454.0,Louisiana State University and Agricultural & Mechanical College
8536.0,1,2196.0,0.369,0.329,22500.0,0.5729564553,440.0,530.0,45066.0,Louisiana State University-Shreveport
15351.0,2,869.0,0.4401,0.6257,21875.0,0.6690518784,490.0,520.0,44199.0,Louisiana Christian University
12065.0,1,7785.0,0.2149,0.3214,22135.0,0.6615384615,580.0,595.0,50632.0,Louisiana Tech University
10161.0,1,5202.0,0.311,0.3213,23000.0,0.6229967949,525.0,555.0,43988.0,McNeese State University
11548.0,1,5629.0,0.3888,0.3418,18750.0,0.6303005352,580.0,565.0,46664.0,University of New Orleans
13466.0,1,5181.0,0.3627,0.4526,22675.0,0.6804680468,563.0,571.0,44740.0,Nicholls State University
10950.0,1,5376.0,0.3602,0.3889,21500.0,0.6313154301,535.0,630.0,44507.0,University of Louisiana at Monroe
14657.0,1,7513.0,0.379,0.4704,25000.0,0.6200846945,530.0,490.0,44550.0,Northwestern State University of Louisiana
16991.0,1,5178.0,0.6248,0.6881,29251.0,0.5324754902,473.0,455.0,41443.0,Southern University and A & M College
12642.0,1,12612.0,0.3379,0.425,22902.0,0.6930512017,560.0,551.0,45080.0,University of Louisiana at Lafayette
42217.0,2,8700.0,0.096,0.236,20500.0,0.7080361388,710.0,725.0,59812.0,Tulane University of Louisiana
18445.0,2,2727.0,0.5105,0.6659,24053.0,0.5254901961,540.0,530.0,50802.0,Xavier University of Louisiana
17739.0,2,2262.0,0.1466,0.0956,19157.0,0.8714733542,720.0,745.0,84482.0,Colby College
17067.0,1,9246.0,0.2409,0.4614,25000.0,0.7203204661,595.0,575.0,48550.0,University of Maine
29195.0,2,1066.0,0.2137,0.6117,27000.0,0.7333333333,560.0,565.0,48562.0,Saint Joseph's College of Maine
9472.0,1,4668.0,0.2986,0.367,19060.0,0.6503608661,570.0,543.0,49735.0,University of Southern Maine
16443.0,1,1579.0,0.3981,0.3823,23250.0,0.4312227074,540.0,505.0,58875.0,University of Baltimore
14537.0,1,5279.0,0.4542,0.4696,22985.0,0.306122449,475.0,455.0,50806.0,Bowie State University
6010.0,1,1785.0,0.5536,0.4526,25000.0,0.2610695802,470.0,450.0,43697.0,Coppin State University
15538.0,1,3289.0,0.3455,0.455,21105.0,0.578581363,555.0,535.0,51992.0,Frostburg State University
19781.0,2,1054.0,0.3259,0.5512,26000.0,0.7322097378,624.0,599.0,52886.0,Goucher College
9262.0,1,10747.0,0.2841,0.2849,19500.0,0.6737203317,655.0,660.0,67473.0,University of Maryland-Baltimore County
17500.0,1,30368.0,0.1765,0.2319,19000.0,0.7939938254,690.0,730.0,76997.0,University of Maryland-College Park
16645.0,1,7027.0,0.5105,0.5839,27250.0,0.2409638554,470.0,500.0,46092.0,Morgan State University
20512.0,1,1507.0,0.2086,0.4031,21000.0,0.8030888031,638.0,600.0,60455.0,St. Mary's College of Maryland
29233.0,2,473.0,0.2559,0.5013,27000.0,0.7346938776,705.0,680.0,52632.0,St. John's College
12621.0,1,17817.0,0.31,0.419,18718.0,0.6848752763,570.0,560.0,61376.0,Towson University
22698.0,2,1269.0,0.4982,0.756,27000.0,0.4817444219,513.0,513.0,53069.0,American International College
17304.0,2,1971.0,0.2521,0.0888,13740.0,0.8,720.0,740.0,81855.0,Amherst College
31267.0,2,2532.0,0.1449,0.2857,20000.0,0.9063829787,675.0,730.0,111604.0,Babson College
18867.0,2,1484.0,0.5766,0.9031,24901.0,0.5508253692,589.0,523.0,46065.0,Bay Path University
39437.0,2,3942.0,0.1377,0.4339,25023.0,0.9138062548,650.0,677.0,111896.0,Bentley University
38412.0,2,9797.0,0.1299,0.3464,19000.0,0.9073987901,725.0,750.0,96325.0,Boston College
26170.0,2,17501.0,0.1728,0.2615,23250.0,0.8220195163,700.0,740.0,80582.0,Boston University
29959.0,2,3577.0,0.1572,0.3295,25648.0,0.828708134,710.0,740.0,73676.0,Brandeis University
14071.0,1,8142.0,0.327,0.6952,24286.0,0.6359300477,560.0,545.0,54750.0,Bridgewater State University
28102.0,2,2290.0,0.219,0.5853,26759.0,0.797011208,666.0,645.0,55982.0,Clark University
28417.0,2,2025.0,0.2774,0.6922,25000.0,0.6736990155,575.0,550.0,47598.0,Curry College
18319.0,2,491.0,0.4207,0.6402,26000.0,0.6153846154,575.0,563.0,45838.0,Eastern Nazarene College
45609.0,2,4113.0,0.1607,0.472,23000.0,0.78003003,665.0,635.0,58491.0,Emerson College
27232.0,2,1792.0,0.2258,0.661,27000.0,0.7144495413,630.0,585.0,56728.0,Emmanuel College
24758.0,2,1086.0,0.4424,0.6232,25000.0,0.440851735,475.0,460.0,40552.0,Fisher College
16324.0,1,3168.0,0.3374,0.524,24239.0,0.6566455696,540.0,540.0,58741.0,Fitchburg State University
16513.0,1,3035.0,0.3534,0.6045,25000.0,0.7062115277,548.0,535.0,54242.0,Framingham State University
21840.0,2,1336.0,0.2364,0.6451,26250.0,0.826546003,644.0,618.0,54542.0,Gordon College
13259.0,2,7938.0,0.1258,0.0159,14000.0,0.7071428571,755.0,775.0,95114.0,Harvard University
32990.0,2,3005.0,0.1559,0.4623,27000.0,0.8692206077,670.0,660.0,83583.0,College of the Holy Cross
28431.0,2,1294.0,0.3143,0.7473,26000.0,0.6706652126,638.0,565.0,58576.0,Lasell University
14071.0,1,12546.0,0.2868,0.5233,23704.0,0.6378326996,620.0,635.0,65324.0,University of Massachusetts-Lowell
16197.0,1,23947.0,0.2105,0.4515,22763.0,0.7731751008,665.0,690.0,65645.0,University of Massachusetts-Amherst
17817.0,1,11949.0,0.4224,0.4894,21974.0,0.6023316062,585.0,585.0,59044.0,University of Massachusetts-Boston
37288.0,2,3664.0,0.2537,0.6542,25000.0,0.8269570335,605.0,635.0,124126.0,MCPHS University
16731.0,2,2214.0,0.2172,0.4146,22902.0,0.7973568282,705.0,700.0,54415.0,Mount Holyoke College
26832.0,2,1204.0,0.2869,0.6959,27000.0,0.6734693878,525.0,540.0,57385.0,Nichols College
34255.0,2,15645.0,0.1116,0.3277,24250.0,0.7869451697,730.0,760.0,88842.0,Northeastern University
21655.0,2,1015.0,0.4417,0.7621,25000.0,0.5949367089,568.0,555.0,55648.0,College of Our Lady of the Elms
18046.0,2,1746.0,0.2949,0.6336,24840.0,0.7726763718,650.0,600.0,61222.0,Simmons University
29814.0,2,2566.0,0.2194,0.3784,17550.0,0.8236607143,725.0,725.0,58881.0,Smith College
27837.0,2,2056.0,0.2222,0.7449,26250.0,0.5502502888,605.0,610.0,47049.0,Springfield College
20910.0,1,5618.0,0.3743,0.6449,25000.0,0.6647504573,570.0,575.0,55113.0,University of Massachusetts-Dartmouth
27861.0,2,4187.0,0.2614,0.5591,26889.0,0.6998027613,600.0,580.0,65950.0,Suffolk University
35683.0,2,6628.0,0.1187,0.2023,16250.0,0.9137214137,735.0,760.0,74430.0,Tufts University
21561.0,2,2383.0,0.2219,0.1697,10000.0,0.8956043956,735.0,735.0,75784.0,Wellesley College
29841.0,2,3866.0,0.2329,0.5135,25028.0,0.8259404829,610.0,625.0,81911.0,Wentworth Institute of Technology
29806.0,2,2579.0,0.2398,0.761,25500.0,0.7529673591,600.0,604.0,66181.0,Western New England University
19589.0,1,3974.0,0.3063,0.5819,22457.0,0.7166332665,545.0,540.0,52899.0,Westfield State University
26427.0,2,1698.0,0.2072,0.6,26000.0,0.8049242424,640.0,620.0,63732.0,Wheaton College (Massachusetts)
13627.0,1,4271.0,0.3015,0.4893,19500.0,0.6552217454,555.0,557.0,59518.0,Worcester State University
23587.0,2,1741.0,0.3167,0.7153,27000.0,0.6191425723,530.0,515.0,52959.0,Adrian College
20805.0,2,1315.0,0.2261,0.3787,26000.0,0.500618047,595.0,580.0,50391.0,Andrews University
17999.0,2,1155.0,0.2668,0.4351,23000.0,0.6195876289,555.0,530.0,45282.0,Aquinas College
26281.0,2,2963.0,0.1619,0.3782,23250.0,0.8343904158,615.0,615.0,54153.0,Calvin University
16810.0,1,11323.0,0.3326,0.6972,27000.0,0.5579649708,565.0,550.0,52440.0,Central Michigan University
19284.0,2,612.0,0.2868,0.5619,19500.0,0.4702970297,530.0,530.0,57487.0,Cleary University
17121.0,2,2385.0,0.3008,0.4273,23250.0,0.6933962264,575.0,580.0,60489.0,University of Detroit Mercy
16445.0,1,12344.0,0.3537,0.4639,25000.0,0.438433589,535.0,520.0,47087.0,Eastern Michigan University
13010.0,1,8810.0,0.3478,0.5004,21000.0,0.5891971586,525.0,515.0,53019.0,Ferris State University
34314.0,2,1496.0,0.1772,0.7034,27000.0,0.8643815201,615.0,625.0,94491.0,Kettering University
20833.0,2,1463.0,0.3395,0.5756,25000.0,0.6019273536,555.0,540.0,45033.0,Cornerstone University
26700.0,2,3055.0,0.1594,0.493,26800.0,0.8070175439,610.0,605.0,56309.0,Hope College
21528.0,2,1226.0,0.255,0.4266,26077.0,0.8250591017,640.0,630.0,60627.0,Kalamazoo College
14035.0,1,1593.0,0.3017,0.4725,23250.0,0.6193745233,535.0,520.0,47666.0,Lake Superior State University
18789.0,2,1954.0,0.2973,0.5526,23000.0,0.4832419257,510.0,505.0,54408.0,Madonna University
10925.0,1,38424.0,0.2154,0.3684,23250.0,0.6727805046,600.0,610.0,64566.0,Michigan State University
15864.0,1,5701.0,0.202,0.5012,24990.0,0.8030372757,610.0,623.0,77293.0,Michigan Technological University
11905.0,1,6193.0,0.3862,0.4007,22500.0,0.4680379747,580.0,595.0,58324.0,University of Michigan-Dearborn
13218.0,1,4372.0,0.3558,0.4508,25000.0,0.4095394737,578.0,555.0,47757.0,University of Michigan-Flint
12729.0,1,13538.0,0.3003,0.425,22750.0,0.5264081931,555.0,545.0,55645.0,Oakland University
21401.0,2,838.0,0.47,0.8171,27000.0,0.552957359,510.0,505.0,45624.0,Olivet College
15335.0,1,6522.0,0.3192,0.5195,25000.0,0.4904401956,545.0,520.0,48256.0,Saginaw Valley State University
14728.0,1,16530.0,0.4303,0.4365,21250.0,0.3829056375,575.0,570.0,48752.0,Wayne State University
19195.0,1,14286.0,0.2715,0.51,26188.0,0.5560807907,565.0,545.0,52487.0,Western Michigan University
24052.0,2,2346.0,0.5078,0.7431,25347.0,0.6421471173,592.0,691.0,56814.0,Augsburg University
27624.0,2,2298.0,0.213,0.5467,21500.0,0.7902869757,627.0,607.0,58664.0,Bethel University
31800.0,2,2008.0,0.1418,0.4387,16750.0,0.9233576642,729.0,750.0,70334.0,Carleton College
23366.0,2,1862.0,0.2079,0.6469,26847.0,0.8486352357,595.0,554.0,55054.0,Concordia College at Moorhead
21869.0,2,736.0,0.2565,0.7012,20177.0,0.898089172,590.0,575.0,45759.0,Martin Luther College
18813.0,2,1787.0,0.399,0.6275,23770.0,0.7097288676,640.0,585.0,57170.0,Hamline University
23188.0,2,2235.0,0.2172,0.3929,23000.0,0.8873786408,715.0,713.0,62762.0,Macalester College
17419.0,1,30734.0,0.1631,0.3174,19500.0,0.7469647492,685.0,715.0,65087.0,University of Minnesota-Twin Cities
17313.0,1,8084.0,0.1866,0.4718,22024.0,0.7529043789,610.0,605.0,59144.0,University of Minnesota-Duluth
17653.0,1,3778.0,0.2807,0.5296,20000.0,0.6639955789,545.0,565.0,49476.0,Minnesota State University Moorhead
26679.0,2,1535.0,0.2158,0.6367,26944.0,0.8978007762,595.0,570.0,61071.0,College of Saint Benedict
24849.0,2,1533.0,0.1969,0.5857,27000.0,0.8587731812,580.0,583.0,75423.0,Saint Johns University
22278.0,2,2955.0,0.1957,0.4778,26000.0,0.8898776418,670.0,665.0,66260.0,St Olaf College
24652.0,2,2134.0,0.2656,0.5984,20000.0,0.7189988623,603.0,608.0,61672.0,The College of Saint Scholastica
28142.0,2,6030.0,0.1784,0.448,23250.0,0.7940258582,620.0,630.0,72582.0,University of St Thomas
19206.0,2,2546.0,0.3718,0.6222,24181.0,0.6588337685,555.0,495.0,54838.0,St Catherine University
17546.0,1,5606.0,0.2388,0.5334,21500.0,0.7536572623,550.0,575.0,55391.0,Winona State University
16206.0,1,2478.0,0.6951,0.6684,27000.0,0.3536067893,486.0,478.0,34492.0,Alcorn State University
18088.0,2,1632.0,0.5195,0.6217,26333.0,0.4613596746,575.0,545.0,42152.0,Belhaven University
16056.0,2,619.0,0.3232,0.3914,18534.0,0.5714285714,535.0,565.0,34994.0,Blue Mountain Christian University
14377.0,1,1716.0,0.3981,0.4783,20390.0,0.5229960578,535.0,535.0,39273.0,Delta State University
15290.0,1,4742.0,0.6881,0.7959,30470.0,0.3866116905,430.0,530.0,36198.0,Jackson State University
23691.0,2,635.0,0.3248,0.6195,27000.0,0.74617737,655.0,590.0,56736.0,Millsaps College
12454.0,1,15994.0,0.2384,0.3506,20000.0,0.6176914372,568.0,558.0,50510.0,University of Mississippi
11952.0,1,1834.0,0.4276,0.4409,15000.0,0.5724543081,525.0,490.0,38551.0,Mississippi University for Women
15891.0,1,18451.0,0.3052,0.4167,22142.0,0.6347457627,580.0,575.0,48296.0,Mississippi State University
9359.0,2,563.0,0.6457,0.5092,30046.0,0.3601532567,465.0,475.0,36069.0,Tougaloo College
10886.0,2,1960.0,0.2437,0.2283,20832.0,0.5371269951,605.0,545.0,40817.0,William Carey University
18627.0,2,999.0,0.4745,0.6796,25000.0,0.5196759259,525.0,522.0,52544.0,Avila University
13621.0,2,232.0,0.2635,0.1898,20839.0,0.4661016949,550.0,570.0,39019.0,Calvary University
25087.0,2,1143.0,0.3997,0.6724,17619.0,0.5774134791,501.0,513.0,42616.0,Central Methodist University-College of Liberal Arts and Sciences
16490.0,2,303.0,0.1791,0.153,19043.0,0.592760181,545.0,530.0,35806.0,Cottey College
21189.0,2,840.0,0.3889,0.7275,26000.0,0.5251937984,525.0,500.0,46707.0,Culver-Stockton College
18582.0,2,1340.0,0.2995,0.5408,20979.0,0.4804655029,590.0,570.0,39169.0,Drury University
17790.0,2,543.0,0.3502,0.5352,18599.0,0.6017191977,585.0,609.0,38656.0,Hannibal-LaGrange University
17410.0,2,4599.0,0.3105,0.6251,26000.0,0.5227272727,525.0,510.0,49080.0,Lindenwood University
24450.0,2,5627.0,0.3499,0.565,22000.0,0.5734655921,560.0,555.0,55969.0,Maryville University of Saint Louis
22928.0,2,1504.0,0.1554,0.2667,22500.0,0.5087572977,515.0,475.0,42766.0,Missouri Baptist University
9607.0,1,3593.0,0.4252,0.4297,19174.0,0.4872866597,515.0,545.0,41727.0,Missouri Southern State University
18440.0,2,1447.0,0.3579,0.5049,25950.0,0.4269767442,465.0,460.0,40998.0,Missouri Valley College
17899.0,1,23092.0,0.2072,0.3444,20500.0,0.6997643891,625.0,615.0,61073.0,University of Missouri-Columbia
13296.0,1,6762.0,0.2284,0.2681,18750.0,0.5647952723,657.0,668.0,55775.0,University of Missouri-Kansas City
12682.0,1,5668.0,0.2142,0.4245,23250.0,0.8093612872,660.0,715.0,82622.0,Missouri University of Science and Technology
11462.0,1,5718.0,0.2361,0.2707,20000.0,0.5364300431,575.0,585.0,50876.0,University of Missouri-St Louis
11216.0,1,3318.0,0.177,0.332,21000.0,0.7741203178,602.0,590.0,55351.0,Truman State University
13398.0,1,4760.0,0.2997,0.5215,21500.0,0.6166101695,515.0,528.0,45693.0,Northwest Missouri State University
20942.0,2,1921.0,0.201,0.4057,18250.0,0.7420178799,589.0,597.0,62890.0,Rockhurst University
27544.0,2,7277.0,0.1892,0.4265,25000.0,0.7302849569,665.0,660.0,69878.0,Saint Louis University
34371.0,2,254.0,0.3474,0.9263,17755.0,0.9336734694,575.0,600.0,129137.0,University of Health Sciences and Pharmacy in St. Louis
17369.0,2,1700.0,0.3707,0.5078,20957.0,0.5891121192,540.0,565.0,41610.0,Southwest Baptist University
23026.0,2,409.0,0.4631,0.665,27000.0,0.5950920245,575.0,525.0,43139.0,Stephens College
16625.0,1,14210.0,0.2312,0.3645,21992.0,0.628611898,555.0,550.0,47850.0,Missouri State University-Springfield
27595.0,2,7713.0,0.1431,0.1439,17500.0,0.8788167939,750.0,780.0,90646.0,Washington University in St Louis
23953.0,2,2327.0,0.2938,0.4803,23000.0,0.5607521697,582.0,560.0,48965.0,Webster University
23625.0,2,650.0,0.3974,0.9097,27000.0,0.6801801802,520.0,500.0,51446.0,Westminster College
20289.0,2,779.0,0.2768,0.6459,24498.0,0.7652329749,605.0,575.0,59207.0,William Jewell College
23992.0,2,1084.0,0.1964,0.4891,25757.0,0.7934186472,600.0,590.0,58012.0,Carroll College
23473.0,2,660.0,0.2459,0.3916,18750.0,0.5833333333,610.0,600.0,43180.0,University of Providence
15789.0,1,1467.0,0.2586,0.3913,18750.0,0.5843949045,600.0,590.0,51910.0,Montana Technological University
19413.0,1,14329.0,0.2027,0.3393,22500.0,0.6943155452,595.0,590.0,51532.0,Montana State University
13799.0,1,7026.0,0.3123,0.4407,22400.0,0.5800418911,600.0,575.0,43967.0,The University of Montana
19930.0,2,807.0,0.3325,0.6329,26000.0,0.6535580524,550.0,528.0,50117.0,Rocky Mountain College
22029.0,2,1190.0,0.1357,0.3678,25750.0,0.7738287561,570.0,555.0,48132.0,Concordia University-Nebraska
30807.0,2,4455.0,0.0742,0.4755,25000.0,0.811147541,630.0,620.0,71997.0,Creighton University
16611.0,1,4289.0,0.3546,0.4066,19500.0,0.7018659881,524.0,512.0,48453.0,University of Nebraska at Kearney
21756.0,2,1200.0,0.2586,0.6012,26134.0,0.6409495549,523.0,505.0,52834.0,Midland University
24817.0,2,1686.0,0.2786,0.6311,26970.0,0.7412663755,575.0,590.0,55906.0,Nebraska Wesleyan University
16764.0,1,19448.0,0.2209,0.3475,21000.0,0.7410428197,605.0,600.0,55689.0,University of Nebraska-Lincoln
22959.0,2,574.0,0.3513,0.7519,27000.0,0.6206896552,550.0,505.0,49289.0,Union College
17870.0,2,435.0,0.4582,0.851,21500.0,0.5907590759,490.0,485.0,40076.0,York University
14953.0,1,16274.0,0.2598,0.2884,18922.0,0.6616978272,585.0,580.0,59167.0,University of Nevada-Reno
30173.0,2,276.0,0.3102,0.4562,21500.0,0.5341365462,520.0,540.0,47610.0,Sierra Nevada University
33023.0,2,4533.0,0.1734,0.2005,17500.0,0.8680555556,740.0,760.0,95540.0,Dartmouth College
21699.0,1,11429.0,0.1978,0.6077,26814.0,0.8129399933,610.0,595.0,64875.0,University of New Hampshire-Main Campus
19627.0,1,2930.0,0.2351,0.6928,25749.0,0.7381137958,550.0,520.0,50644.0,Keene State College
16665.0,1,643.0,0.3713,0.4895,26814.0,0.8129399933,605.0,585.0,64875.0,University of New Hampshire at Manchester
33898.0,2,1952.0,0.1129,0.6771,27000.0,0.8355184744,620.0,610.0,63085.0,Saint Anselm College
21704.0,2,1294.0,0.7032,0.9002,26746.0,0.3577060932,461.0,480.0,43765.0,Bloomfield College
15142.0,2,1624.0,0.4957,0.7163,25000.0,0.5227537923,555.0,600.0,53908.0,Caldwell University
23763.0,2,1111.0,0.3778,0.775,23163.0,0.6578669483,575.0,505.0,54748.0,Centenary University
17166.0,2,1903.0,0.4861,0.5541,25000.0,0.5271238485,500.0,515.0,55992.0,Felician University
19753.0,2,1314.0,0.3216,0.5457,21816.0,0.5754422477,525.0,553.0,47161.0,Georgian Court University
22978.0,1,14925.0,0.3155,0.4988,20500.0,0.6680354441,590.0,585.0,56115.0,Rowan University
13718.0,1,5146.0,0.5761,0.4257,18500.0,0.5001541782,505.0,510.0,50417.0,New Jersey City University
17510.0,1,10291.0,0.4535,0.5229,23250.0,0.5205956907,515.0,505.0,52714.0,Kean University
25324.0,2,4057.0,0.3066,0.6418,27000.0,0.7229795521,585.0,575.0,65306.0,Monmouth University
13705.0,1,15993.0,0.4391,0.459,22000.0,0.6537405074,555.0,555.0,57008.0,Montclair State University
17093.0,1,8377.0,0.3682,0.3664,21000.0,0.7132867133,635.0,670.0,84495.0,New Jersey Institute of Technology
11080.0,2,5236.0,0.2162,0.0189,10320.0,0.8639455782,745.0,770.0,110433.0,Princeton University
15232.0,1,4859.0,0.2764,0.4477,21000.0,0.7257740249,595.0,595.0,62810.0,Ramapo College of New Jersey
22316.0,2,3174.0,0.3333,0.6168,26130.0,0.7105882353,585.0,575.0,59215.0,Rider University
12755.0,1,4747.0,0.474,0.5643,21500.0,0.6969437653,565.0,570.0,69748.0,Rutgers University-Camden
15365.0,1,35827.0,0.2853,0.3981,21500.0,0.6969437653,660.0,695.0,69748.0,Rutgers University-New Brunswick
12807.0,1,8066.0,0.5583,0.3698,21500.0,0.6969437653,565.0,585.0,69748.0,Rutgers University-Newark
11397.0,2,2017.0,0.5622,0.3779,20500.0,0.4896907216,535.0,525.0,52442.0,Saint Peter's University
32484.0,2,5924.0,0.2541,0.4899,22750.0,0.6972356297,640.0,645.0,68307.0,Seton Hall University
36674.0,2,4053.0,0.1802,0.5719,27000.0,0.9051339286,700.0,740.0,104918.0,Stevens Institute of Technology
18724.0,1,8359.0,0.3962,0.5789,20500.0,0.6429158674,580.0,570.0,54393.0,Stockton University
17138.0,1,6491.0,0.1842,0.4514,23250.0,0.8395669291,625.0,635.0,70578.0,The College of New Jersey
4994.0,1,2861.0,0.3122,0.2271,16500.0,0.4797687861,500.0,480.0,36355.0,Eastern New Mexico University-Main Campus
11364.0,1,1201.0,0.3303,0.4532,19085.0,0.7267605634,605.0,610.0,61977.0,New Mexico Institute of Mining and Technology
9979.0,1,10674.0,0.4422,0.3076,17095.0,0.4539155301,525.0,505.0,38178.0,New Mexico State University-Main Campus
28993.0,2,5168.0,0.2801,0.5162,25000.0,0.6887254902,595.0,600.0,70089.0,Adelphi University
26073.0,2,639.0,0.2624,0.7376,25500.0,0.8680781759,640.0,640.0,125798.0,Albany College of Pharmacy and Health Sciences
24627.0,2,1460.0,0.3936,0.639,26000.0,0.7120470127,585.0,600.0,51312.0,Alfred University
32514.0,2,3007.0,0.1509,0.3291,18000.0,0.8716356108,740.0,748.0,74415.0,Barnard College
17907.0,2,1807.0,0.3005,0.5854,24250.0,0.7144837145,570.0,580.0,57447.0,Canisius College
17405.0,2,690.0,0.5058,0.7832,23250.0,0.5981595092,547.0,520.0,47211.0,Cazenovia College
31339.0,2,2790.0,0.2303,0.6733,26000.0,0.862508859,630.0,650.0,86334.0,Clarkson University
24489.0,2,3152.0,0.1137,0.1229,15000.0,0.8646788991,705.0,720.0,86737.0,Colgate University
12836.0,2,8832.0,0.2332,0.1674,21500.0,0.7604951561,745.0,775.0,97540.0,Columbia University in the City of New York
29011.0,2,15451.0,0.1737,0.2563,14000.0,0.8747210711,730.0,775.0,98321.0,Cornell University
19145.0,2,1388.0,0.3153,0.6461,25000.0,0.6309630963,553.0,575.0,61994.0,D'Youville  University
21627.0,2,1131.0,0.4817,0.6939,25000.0,0.5201923077,532.0,527.0,60238.0,Dominican University New York
35320.0,2,9669.0,0.1921,0.4442,24300.0,0.7651877133,690.0,700.0,78820.0,Fordham University
26296.0,2,2049.0,0.1814,0.3428,17000.0,0.8981481481,730.0,745.0,77214.0,Hamilton College
22803.0,2,1159.0,0.3735,0.5616,27000.0,0.704610951,565.0,545.0,52097.0,Hartwick College
17195.0,2,723.0,0.4343,0.9035,24750.0,0.5411585366,515.0,491.0,44617.0,Hilbert College
30476.0,2,1639.0,0.2237,0.64,27000.0,0.8040816327,635.0,635.0,68706.0,Hobart William Smith Colleges
32511.0,2,6004.0,0.2149,0.4462,23621.0,0.7103298071,635.0,640.0,68703.0,Hofstra University
23290.0,2,841.0,0.354,0.6011,25250.0,0.7634920635,600.0,585.0,41253.0,Houghton University
29068.0,2,2667.0,0.2792,0.4848,25999.0,0.7248603352,580.0,580.0,70388.0,Iona University
27314.0,2,1118.0,0.402,0.8701,27000.0,0.5990299111,563.0,567.0,51533.0,Keuka College
23974.0,2,2604.0,0.3088,0.618,23000.0,0.6846381093,605.0,610.0,60174.0,Le Moyne College
23460.0,2,5909.0,0.2028,0.2909,23577.0,0.5249953883,605.0,605.0,54935.0,Long Island University
20200.0,2,1326.0,0.291,0.5167,25000.0,0.6888331242,575.0,550.0,54461.0,Manhattanville College
36099.0,2,5097.0,0.1471,0.4806,25000.0,0.7929493545,647.0,632.0,74865.0,Marist College
30721.0,2,1713.0,0.2753,0.6243,25750.0,0.5791710946,590.0,562.0,48320.0,Marymount Manhattan College
14211.0,2,5860.0,0.5144,0.5528,19637.0,0.3968291529,520.0,530.0,49429.0,Mercy College
25978.0,2,3248.0,0.2766,0.6247,27000.0,0.6782115869,585.0,630.0,72153.0,Molloy College
21927.0,2,1560.0,0.2841,0.6743,26007.0,0.6720306513,540.0,545.0,62765.0,Mount Saint Mary College
21066.0,2,2253.0,0.469,0.6504,25000.0,0.5485278081,560.0,555.0,56282.0,College of Mount Saint Vincent
39565.0,2,28556.0,0.1838,0.2553,20500.0,0.7645899651,735.0,775.0,79812.0,New York University
18902.0,2,2764.0,0.2799,0.5961,25475.0,0.7225237449,570.0,577.0,55429.0,Niagara University
21861.0,2,3345.0,0.3925,0.4728,23334.0,0.5828092243,590.0,620.0,63609.0,New York Institute of Technology
22414.0,2,975.0,0.3727,0.4643,25641.0,0.4144200627,490.0,481.0,44503.0,Alliance University
27937.0,2,7820.0,0.2549,0.4717,23250.0,0.6359074435,615.0,600.0,69137.0,Pace University
45816.0,2,3869.0,0.1775,0.3293,26000.0,0.7495361781,655.0,645.0,52718.0,Pratt Institute-Main
31456.0,2,5579.0,0.1789,0.4496,23750.0,0.9167983149,700.0,740.0,100141.0,Rensselaer Polytechnic Institute
25860.0,2,1085.0,0.3578,0.6572,23750.0,0.6429330499,560.0,575.0,47191.0,Roberts Wesleyan University
30765.0,2,13085.0,0.2658,0.5242,26778.0,0.7653061224,670.0,690.0,69250.0,Rochester Institute of Technology
31171.0,2,6417.0,0.1673,0.4259,21000.0,0.8003255562,700.0,745.0,75226.0,University of Rochester
25187.0,2,1742.0,0.2703,0.8173,26000.0,0.708886619,580.0,590.0,58527.0,St Bonaventure University
15171.0,2,2364.0,0.483,0.6946,23250.0,0.5133004926,560.0,555.0,57888.0,St. Francis College
28020.0,2,2227.0,0.2092,0.6044,27000.0,0.8469520104,665.0,645.0,68520.0,St Lawrence University
17105.0,2,1051.0,0.2202,0.3412,23198.0,0.6612111293,568.0,568.0,60394.0,St. Thomas Aquinas College
20104.0,2,1499.0,0.1455,0.4683,27000.0,0.8251121076,710.0,655.0,47659.0,Sarah Lawrence College
31730.0,2,2676.0,0.1588,0.3338,19500.0,0.8585858586,675.0,680.0,68541.0,Skidmore College
15992.0,2,3753.0,0.3326,0.536,22000.0,0.6162211146,573.0,583.0,60260.0,St. Joseph's University-New York
26720.0,2,2586.0,0.2755,0.6866,23250.0,0.750155376,590.0,600.0,58703.0,St. John Fisher University
23286.0,2,10058.0,0.2259,0.2877,25000.0,0.6214013181,600.0,605.0,68177.0,St. John's University-New York
11998.0,1,2778.0,0.5144,0.6634,20000.0,0.5211672832,540.0,540.0,42326.0,SUNY College of Technology at Canton
16366.0,1,1806.0,0.4767,0.5185,16023.0,0.610015983,540.0,530.0,42620.0,SUNY College of Agriculture and Technology at Cobleskill
6934.0,1,8918.0,0.3308,0.2254,14718.0,0.646925859,545.0,555.0,64404.0,Farmingdale State College
17568.0,1,12556.0,0.398,0.4808,19500.0,0.6716621253,595.0,590.0,63760.0,SUNY at Albany
19307.0,1,14303.0,0.2658,0.3938,18500.0,0.7553921569,685.0,705.0,77436.0,Binghamton University
19344.0,1,21303.0,0.3172,0.392,19000.0,0.6839523476,620.0,650.0,65856.0,University at Buffalo
16357.0,1,17900.0,0.3596,0.3108,18228.0,0.7157913541,670.0,720.0,70686.0,Stony Brook University
10309.0,1,1924.0,0.3921,0.4176,17250.0,0.6399176955,600.0,620.0,62275.0,SUNY Polytechnic Institute
16720.0,1,5668.0,0.3783,0.5958,20000.0,0.623253493,560.0,575.0,51733.0,SUNY Brockport
9945.0,1,6024.0,0.5467,0.5018,21028.0,0.5734686208,515.0,530.0,47728.0,SUNY Buffalo State University
19273.0,1,5974.0,0.2948,0.6274,21500.0,0.7257810035,580.0,585.0,57352.0,SUNY Cortland
15792.0,1,3540.0,0.4041,0.6865,24250.0,0.6822299652,595.0,590.0,48236.0,SUNY at Fredonia
19345.0,1,4450.0,0.2543,0.4767,19500.0,0.7771601819,615.0,625.0,60136.0,SUNY College at Geneseo
16664.0,1,6142.0,0.3408,0.4217,18750.0,0.7054176072,624.0,610.0,54978.0,State University of New York at New Paltz
14582.0,1,6095.0,0.4123,0.5278,20880.0,0.6817172465,585.0,585.0,52421.0,State University of New York at Oswego
19559.0,1,3369.0,0.3619,0.3669,21067.0,0.5986038394,625.0,595.0,44940.0,SUNY at Purchase College
6352.0,1,3936.0,0.4739,0.2329,14997.0,0.4868035191,595.0,570.0,56415.0,SUNY College at Old Westbury
16227.0,1,4286.0,0.3874,0.5647,21196.0,0.6348764358,570.0,575.0,52309.0,SUNY College at Plattsburgh
21828.0,1,1399.0,0.2164,0.4368,23250.0,0.7951612903,594.0,600.0,87534.0,SUNY Maritime College
32516.0,2,14515.0,0.1692,0.3761,26000.0,0.7873063044,650.0,660.0,74446.0,Syracuse University
34163.0,2,2072.0,0.1452,0.4612,25337.0,0.8590604027,670.0,690.0,74739.0,Union College
35236.0,2,2500.0,0.214,0.4316,18625.0,0.9332023576,735.0,745.0,64639.0,Vassar College
13704.0,2,448.0,0.6752,0.7087,21250.0,0.4266055046,510.0,445.0,35285.0,Villa Maria College
50183.0,3,3521.0,0.1667,0.2773,27000.0,0.6702702703,630.0,622.0,49515.0,School of Visual Arts
13897.0,1,18486.0,0.2832,0.4243,20231.0,0.715567072,610.0,605.0,48352.0,Appalachian State University
22733.0,2,1045.0,0.3955,0.7448,25877.0,0.5013812155,525.0,535.0,46112.0,Barton College
21238.0,2,1426.0,0.2768,0.5317,26000.0,0.4229665072,576.0,542.0,46832.0,Belmont Abbey College
20401.0,2,438.0,0.292,0.8584,16000.0,0.6990291262,543.0,503.0,59915.0,Cabarrus College of Health Sciences
22690.0,2,3313.0,0.3347,0.4481,22500.0,0.5718142549,575.0,555.0,51142.0,Campbell University
18861.0,2,1132.0,0.3787,0.6339,25000.0,0.5787348587,535.0,535.0,43706.0,Catawba College
16942.0,2,920.0,0.6927,0.7627,29491.0,0.3107971746,475.0,503.0,36791.0,Chowan University
31416.0,2,6815.0,0.1313,0.1651,13000.0,0.8887993554,745.0,768.0,97418.0,Duke University
4060.0,1,1807.0,0.5853,0.5707,21463.0,0.2630930376,500.0,465.0,37070.0,Elizabeth City State University
6623.0,1,4986.0,0.5151,0.4766,22987.0,0.2935750636,480.0,455.0,37600.0,Fayetteville State University
19785.0,2,1980.0,0.4167,0.5944,24222.0,0.5099183197,545.0,543.0,45181.0,Gardner-Webb University
23841.0,2,1025.0,0.3901,0.4613,26000.0,0.5105657805,550.0,525.0,43545.0,Guilford College
39317.0,2,4871.0,0.1085,0.419,24575.0,0.7039819684,608.0,595.0,54945.0,High Point University
25495.0,2,869.0,0.4366,0.6268,17375.0,0.5526315789,590.0,550.0,41587.0,Lees-McRae College
15440.0,2,890.0,0.7574,0.9041,31125.0,0.1564310545,460.0,439.0,32344.0,Livingstone College
19897.0,2,1411.0,0.3274,0.595,25000.0,0.6607981221,605.0,581.0,45455.0,Meredith College
18855.0,2,1512.0,0.3731,0.5582,27000.0,0.4725806452,585.0,585.0,45408.0,Methodist University
24828.0,2,851.0,0.4012,0.7325,25813.0,0.5238095238,565.0,560.0,42441.0,Montreat College
17474.0,2,1891.0,0.4409,0.6196,27209.0,0.4057259714,530.0,540.0,44973.0,University of Mount Olive
10413.0,1,11327.0,0.5312,0.6691,27000.0,0.2735210653,545.0,535.0,44390.0,North Carolina A & T State University
13069.0,1,3084.0,0.3591,0.4306,20500.0,0.6035502959,635.0,595.0,44906.0,University of North Carolina at Asheville
13263.0,1,19722.0,0.2259,0.1946,14000.0,0.8061420345,625.0,635.0,67765.0,University of North Carolina at Chapel Hill
16873.0,1,23708.0,0.3489,0.4522,21500.0,0.5904379806,605.0,615.0,54580.0,University of North Carolina at Charlotte
11110.0,1,14889.0,0.4841,0.5195,22858.0,0.5458994513,608.0,570.0,46514.0,University of North Carolina at Greensboro
15328.0,1,5323.0,0.5721,0.6413,28250.0,0.2480196668,540.0,500.0,40346.0,North Carolina Central University
13097.0,1,935.0,0.2565,0.5141,23870.0,0.6398713826,643.0,628.0,40858.0,University of North Carolina School of the Arts
16239.0,1,24999.0,0.1919,0.35,20121.0,0.7544807966,665.0,690.0,65211.0,North Carolina State University at Raleigh
18119.0,2,1362.0,0.5128,0.6887,25000.0,0.3734177215,500.0,490.0,44504.0,North Carolina Wesleyan University
19999.0,1,14161.0,0.258,0.3859,19500.0,0.6282699494,640.0,630.0,52560.0,University of North Carolina Wilmington
24107.0,2,666.0,0.394,0.5747,22250.0,0.446728972,572.0,583.0,44061.0,William Peace University
11160.0,1,6179.0,0.4922,0.5275,25000.0,0.4437374414,520.0,495.0,41470.0,University of North Carolina at Pembroke
19182.0,2,744.0,0.5468,0.7155,26163.0,0.5455820477,514.0,514.0,45009.0,Pfeiffer University
28764.0,2,1418.0,0.2677,0.5377,25000.0,0.5755868545,575.0,574.0,58774.0,Queens University of Charlotte
22645.0,2,133.0,0.6303,0.7636,27000.0,0.4,495.0,465.0,34058.0,Mid-Atlantic Christian University
10492.0,2,346.0,0.5752,0.5244,26649.0,0.5424354244,580.0,547.0,44315.0,Salem College
13435.0,1,4581.0,0.6364,0.6737,25000.0,0.338790932,480.0,480.0,40976.0,Winston-Salem State University
13640.0,1,9980.0,0.3453,0.486,21868.0,0.5945945946,580.0,565.0,44755.0,Western Carolina University
14557.0,1,1166.0,0.2397,0.4113,18442.0,0.7559322034,488.0,506.0,49125.0,Dickinson State University
20087.0,2,992.0,0.2971,0.7029,27000.0,0.7509803922,505.0,515.0,53878.0,University of Jamestown
12993.0,1,2248.0,0.2169,0.3863,19609.0,0.7124814264,540.0,555.0,47001.0,Minot State University
17424.0,1,8998.0,0.1731,0.4511,22057.0,0.757362356,590.0,610.0,61403.0,University of North Dakota
17692.0,1,9932.0,0.1883,0.5172,23199.0,0.812988903,589.0,616.0,58936.0,North Dakota State University-Main Campus
13060.0,1,942.0,0.1765,0.3595,20369.0,0.6954022989,540.0,523.0,48672.0,Valley City State University
21151.0,2,2991.0,0.2448,0.4468,25000.0,0.6762738034,580.0,570.0,51188.0,Ashland University
26072.0,2,2808.0,0.2916,0.8136,27000.0,0.6657488987,575.0,570.0,52535.0,Baldwin Wallace University
16310.0,1,12779.0,0.2353,0.5077,25000.0,0.53372835,560.0,555.0,46918.0,Bowling Green State University-Main Campus
22385.0,2,2045.0,0.2822,0.7656,26889.0,0.6276378489,575.0,555.0,51328.0,Capital University
37702.0,2,5697.0,0.1564,0.5006,24000.0,0.8510473235,710.0,760.0,81346.0,Case Western Reserve University
22772.0,2,3613.0,0.1777,0.4264,20937.0,0.8684719536,630.0,605.0,53681.0,Cedarville University
12617.0,1,6017.0,0.7065,0.2925,30739.0,0.1693376068,425.0,435.0,33476.0,Central State University
22114.0,1,27188.0,0.1732,0.3796,21250.0,0.5712218317,620.0,630.0,51185.0,University of Cincinnati-Main Campus
30692.0,2,574.0,0.4558,0.7763,27000.0,0.5964285714,610.0,545.0,45283.0,Cleveland Institute of Art
15544.0,1,10208.0,0.3799,0.4941,21797.0,0.4748499571,520.0,515.0,49935.0,Cleveland State University
27407.0,2,8555.0,0.1459,0.4627,23250.0,0.8415124698,615.0,615.0,71015.0,University of Dayton
24268.0,2,516.0,0.5089,0.7722,26813.0,0.5283018868,490.0,495.0,45558.0,Defiance College
32002.0,2,2312.0,0.1659,0.3895,26000.0,0.801056338,650.0,680.0,60673.0,Denison University
22625.0,2,2204.0,0.1578,0.4108,25439.0,0.7071942446,562.0,550.0,54862.0,The University of Findlay
22116.0,2,1036.0,0.3653,0.9283,27000.0,0.642287234,551.0,545.0,48089.0,Heidelberg University
29172.0,2,2609.0,0.1877,0.5731,26000.0,0.7476489028,620.0,610.0,61963.0,John Carroll University
18778.0,1,20136.0,0.2756,0.5203,24500.0,0.4705913244,555.0,550.0,45019.0,Kent State University at Kent
33706.0,2,1868.0,0.0991,0.2285,18527.0,0.8681672026,715.0,705.0,63557.0,Kenyon College
21216.0,2,644.0,0.3465,0.6126,26000.0,0.6378676471,510.0,508.0,48356.0,Lake Erie College
18203.0,2,882.0,0.3519,0.6185,26289.0,0.6322834646,537.0,549.0,48729.0,Malone University
19568.0,2,1124.0,0.2705,0.6978,27000.0,0.7050938338,545.0,525.0,54790.0,Marietta College
24068.0,2,1215.0,0.3515,0.6538,20834.0,0.5430232558,434.0,395.0,59874.0,Mercy College of Ohio
24592.0,1,16868.0,0.1166,0.3246,23000.0,0.5838356164,630.0,635.0,55590.0,Miami University-Oxford
22836.0,2,1865.0,0.3187,0.7916,27000.0,0.7211191336,525.0,555.0,52577.0,University of Mount Union
21698.0,2,1490.0,0.3538,0.6158,25000.0,0.6150662252,564.0,555.0,48060.0,Mount Vernon Nazarene University
17062.0,2,1087.0,0.2333,0.5381,26827.0,0.5870901639,539.0,567.0,52319.0,Mount Saint Joseph University
16223.0,2,1141.0,0.4054,0.6456,27000.0,0.464532872,520.0,475.0,49494.0,Notre Dame College
34498.0,2,2942.0,0.091,0.2701,26000.0,0.8158253752,715.0,684.0,52483.0,Oberlin College
24401.0,2,2187.0,0.2258,0.616,27000.0,0.8451290591,590.0,605.0,75783.0,Ohio Northern University
18623.0,1,45986.0,0.1999,0.3137,19976.0,0.6281889505,660.0,685.0,58596.0,Ohio State University-Main Campus
19695.0,1,17899.0,0.2166,0.4437,21056.0,0.5229866104,595.0,585.0,49666.0,Ohio University-Main Campus
24089.0,2,1338.0,0.2784,0.6311,27000.0,0.7687776141,650.0,650.0,53520.0,Ohio Wesleyan University
21920.0,2,2180.0,0.2399,0.7233,26000.0,0.6993006993,565.0,566.0,50687.0,Otterbein University
18769.0,2,2443.0,0.2144,0.707,23384.0,0.755952381,615.0,590.0,47070.0,Franciscan University of Steubenville
16650.0,1,12016.0,0.2696,0.4183,22250.0,0.470817942,570.0,585.0,49962.0,University of Toledo
16690.0,2,657.0,0.3472,0.7819,26250.0,0.5301003344,584.0,522.0,56285.0,Ursuline College
16745.0,2,1635.0,0.253,0.5578,27000.0,0.6626213592,553.0,575.0,55799.0,Walsh University
6942.0,2,528.0,0.7699,0.6606,26468.0,0.3621730382,515.0,449.0,37921.0,Wilberforce University
19932.0,2,1027.0,0.3768,0.7579,24208.0,0.6394948335,525.0,530.0,46654.0,Wilmington College
21795.0,2,1256.0,0.2872,0.8201,27000.0,0.7128205128,570.0,550.0,57280.0,Wittenberg University
22852.0,2,1960.0,0.2037,0.4751,26500.0,0.7438596491,670.0,655.0,54485.0,The College of Wooster
15455.0,1,6879.0,0.3089,0.4351,22750.0,0.5337291561,555.0,543.0,47344.0,Wright State University-Main Campus
11477.0,1,1094.0,0.203,0.2938,22750.0,0.5337291561,395.0,445.0,47344.0,Wright State University-Lake Campus
31642.0,2,5124.0,0.1353,0.5586,23250.0,0.734502924,600.0,585.0,60750.0,Xavier University
12318.0,1,8306.0,0.3467,0.4309,24000.0,0.3928376162,530.0,525.0,41663.0,Youngstown State University
16035.0,2,266.0,0.5325,0.418,26187.0,0.3480176211,520.0,466.0,37408.0,Bacone College
21939.0,2,780.0,0.2756,0.4716,24813.0,0.6086956522,505.0,500.0,54357.0,Oklahoma Wesleyan University
11157.0,1,2552.0,0.4063,0.3001,17671.0,0.4799068142,424.0,497.0,43159.0,East Central University
16856.0,2,279.0,0.5051,0.4746,22626.0,0.4887218045,505.0,465.0,41437.0,Randall University
9769.0,1,5212.0,0.4399,0.4066,17367.0,0.5253731343,517.0,465.0,43257.0,Northeastern State University
10970.0,1,1408.0,0.414,0.4372,17355.0,0.5615034169,485.0,485.0,43404.0,Northwestern Oklahoma State University
18369.0,2,1736.0,0.2488,0.4887,26000.0,0.7415048544,560.0,550.0,47069.0,Oklahoma Christian University
13188.0,1,19841.0,0.2703,0.3852,20500.0,0.6438698916,580.0,570.0,53923.0,Oklahoma State University-Main Campus
20564.0,2,1407.0,0.3358,0.541,24801.0,0.7034482759,560.0,535.0,44360.0,Oklahoma Baptist University
26834.0,2,1425.0,0.2121,0.469,20835.0,0.7198321091,585.0,552.0,50325.0,Oklahoma City University
19867.0,1,20800.0,0.2286,0.3283,20654.0,0.6822807543,625.0,620.0,59648.0,University of Oklahoma-Norman Campus
23385.0,2,3186.0,0.3612,0.5114,27000.0,0.62911485,535.0,520.0,44293.0,Oral Roberts University
10426.0,1,2832.0,0.3974,0.588,17000.0,0.4996873046,490.0,490.0,44617.0,Southeastern Oklahoma State University
26781.0,2,2698.0,0.2076,0.3209,21500.0,0.7917304747,605.0,615.0,56788.0,University of Tulsa
30927.0,2,2545.0,0.2813,0.6817,24250.0,0.7133580705,620.0,600.0,54279.0,George Fox University
35940.0,2,2096.0,0.2022,0.6514,19500.0,0.8196428571,690.0,640.0,52151.0,Lewis & Clark College
19991.0,2,470.0,0.3643,0.5967,23500.0,0.5393586006,608.0,570.0,47221.0,Bushnell University
16029.0,1,3257.0,0.2307,0.2949,22500.0,0.6884057971,594.0,589.0,70363.0,Oregon Institute of Technology
18010.0,1,27038.0,0.2281,0.3305,21221.0,0.6664015453,620.0,625.0,60461.0,Oregon State University
34063.0,2,1638.0,0.2736,0.8407,23223.0,0.7698113208,600.0,600.0,56365.0,Pacific University
13334.0,1,15674.0,0.3922,0.3637,20500.0,0.5402061856,575.0,550.0,54567.0,Portland State University
35683.0,2,3565.0,0.1497,0.3865,21370.0,0.866367713,643.0,620.0,77017.0,University of Portland
9931.0,1,3208.0,0.2504,0.327,20332.0,0.4965063707,565.0,540.0,47362.0,Southern Oregon University
26490.0,2,861.0,0.3282,0.5725,22625.0,0.6834264432,554.0,530.0,49092.0,Corban University
25238.0,2,243.0,0.4044,0.5699,22250.0,0.6022727273,600.0,534.0,42001.0,Bryn Athyn College of the New Church
23617.0,2,1538.0,0.3041,0.6149,27000.0,0.7886363636,630.0,615.0,61188.0,Allegheny College
27678.0,2,2265.0,0.2389,0.7832,25788.0,0.7110204082,595.0,575.0,57821.0,DeSales University
26188.0,2,1703.0,0.3282,0.644,27000.0,0.6764705882,600.0,580.0,54467.0,Arcadia University
39403.0,2,3714.0,0.1031,0.3383,27000.0,0.8962703963,675.0,698.0,86631.0,Bucknell University
19978.0,2,1292.0,0.3825,0.6977,26000.0,0.6877005348,558.0,549.0,54218.0,Cabrini University
19932.0,1,4314.0,0.3601,0.632,23725.0,0.6352506353,530.0,515.0,47323.0,California University of Pennsylvania
19581.0,2,1244.0,0.4166,0.7338,25500.0,0.5677966102,535.0,513.0,48929.0,Carlow University
37846.0,2,6880.0,0.1486,0.3812,21750.0,0.9117859725,735.0,785.0,111064.0,Carnegie Mellon University
23005.0,2,1041.0,0.4191,0.8355,27000.0,0.5516898608,575.0,540.0,55062.0,Cedar Crest College
26516.0,2,1011.0,0.4842,0.7849,26389.0,0.4669187146,505.0,490.0,50257.0,Chestnut Hill College
26566.0,2,1644.0,0.3161,0.7648,25000.0,0.763,585.0,565.0,53163.0,Delaware Valley University
23167.0,2,14308.0,0.2428,0.4947,25325.0,0.7660676704,645.0,665.0,79785.0,Drexel University
33823.0,2,5071.0,0.1728,0.5844,26244.0,0.82239819,620.0,605.0,71826.0,Duquesne University
17974.0,1,4275.0,0.3899,0.5764,24218.0,0.6595230909,530.0,525.0,52913.0,East Stroudsburg University of Pennsylvania
17096.0,1,2779.0,0.3716,0.6217,26000.0,0.5550200803,545.0,525.0,40051.0,Edinboro University of Pennsylvania
25855.0,2,1667.0,0.1878,0.6765,27000.0,0.7891459075,595.0,580.0,63220.0,Elizabethtown College
21964.0,2,2681.0,0.2653,0.6135,27000.0,0.6676258993,560.0,560.0,57091.0,Gannon University
26853.0,2,2399.0,0.1943,0.5309,26999.0,0.895483871,680.0,675.0,72638.0,Gettysburg College
26072.0,2,1484.0,0.2809,0.6307,25000.0,0.6099342586,550.0,545.0,62124.0,Gwynedd Mercy University
29138.0,2,1420.0,0.153,0.1171,13621.0,0.9055555556,735.0,745.0,78330.0,Haverford College
11696.0,2,2141.0,0.3653,0.7315,25125.0,0.6310845431,578.0,498.0,60485.0,Holy Family University
28338.0,2,1363.0,0.2522,0.5452,27000.0,0.6103789127,590.0,567.0,58673.0,Immaculata University
20201.0,1,6989.0,0.3534,0.6693,26798.0,0.6469657751,530.0,510.0,46764.0,Indiana University of Pennsylvania-Main Campus
18666.0,2,1055.0,0.5045,0.6994,26000.0,0.5537340619,520.0,525.0,39466.0,Keystone College
21898.0,1,6484.0,0.3237,0.659,26000.0,0.6886117358,555.0,540.0,49199.0,Kutztown University of Pennsylvania
22044.0,2,932.0,0.3677,0.6166,25000.0,0.6262626263,545.0,518.0,48621.0,La Roche University
41937.0,2,2719.0,0.111,0.2355,16000.0,0.9072512648,680.0,700.0,94200.0,Lafayette College
22475.0,2,1350.0,0.3267,0.559,20500.0,0.6181533646,565.0,545.0,41277.0,Lancaster Bible College
26714.0,2,1635.0,0.2172,0.6792,27000.0,0.7960526316,589.0,595.0,56367.0,Lebanon Valley College
32698.0,2,5446.0,0.1807,0.3642,21960.0,0.8837944664,688.0,720.0,100559.0,Lehigh University
14404.0,1,1763.0,0.6158,0.7356,28250.0,0.3179571664,498.0,484.0,39222.0,Lincoln University
15583.0,1,2361.0,0.3326,0.6593,26500.0,0.6450813871,545.0,540.0,48116.0,Lock Haven University
18253.0,2,1081.0,0.4441,0.784,27000.0,0.7358490566,585.0,580.0,56167.0,Lycoming College
12733.0,1,1487.0,0.4404,0.631,26000.0,0.6198347107,535.0,525.0,44818.0,Mansfield University of Pennsylvania
20741.0,2,1719.0,0.3225,0.6858,26186.0,0.6813852814,570.0,550.0,51671.0,Marywood University
23560.0,2,2350.0,0.1982,0.6098,25621.0,0.8275862069,615.0,605.0,54532.0,Messiah University
19504.0,1,6093.0,0.2741,0.5315,23507.0,0.682199211,560.0,550.0,50554.0,Millersville University of Pennsylvania
26983.0,2,2052.0,0.1896,0.5611,25455.0,0.8025936599,650.0,635.0,70439.0,Muhlenberg College
27241.0,2,1682.0,0.3841,0.6823,27000.0,0.5385169186,503.0,493.0,54198.0,Neumann University
14851.0,2,10644.0,0.138,0.1001,15715.0,0.8442136499,745.0,780.0,112761.0,University of Pennsylvania
34773.0,2,1311.0,0.269,0.707,27000.0,0.8470588235,605.0,610.0,104361.0,University of the Sciences
17105.0,1,1154.0,0.4636,0.7295,24250.0,0.752639087,545.0,540.0,61744.0,University of Pittsburgh-Bradford
18362.0,1,1317.0,0.3658,0.6058,24250.0,0.752639087,565.0,555.0,61744.0,University of Pittsburgh-Greensburg
17836.0,1,2116.0,0.2984,0.6299,24250.0,0.752639087,565.0,560.0,61744.0,University of Pittsburgh-Johnstown
27926.0,1,19961.0,0.1317,0.3785,24250.0,0.752639087,675.0,685.0,61744.0,University of Pittsburgh-Pittsburgh Campus
8488.0,1,32.0,0.5455,0.8788,24250.0,0.752639087,555.0,540.0,61744.0,University of Pittsburgh-Titusville
24209.0,2,2567.0,0.3834,0.7427,27000.0,0.5249554367,545.0,520.0,44613.0,Point Park University
18737.0,2,288.0,0.329,0.7134,20885.0,0.7246376812,543.0,509.0,68832.0,Reading Hospital School of Health Sciences
22806.0,2,425.0,0.3729,0.6563,27000.0,0.5,565.0,525.0,48596.0,Rosemont College
30487.0,2,4112.0,0.1426,0.5017,25500.0,0.7923355774,615.0,600.0,74933.0,Saint Joseph's University
22536.0,2,1383.0,0.2757,0.6757,27000.0,0.7759036145,545.0,537.0,58731.0,Saint Vincent College
34136.0,2,3433.0,0.1927,0.64,27000.0,0.7898503578,600.0,590.0,70238.0,University of Scranton
22012.0,1,4676.0,0.3165,0.6236,25000.0,0.7205517241,540.0,535.0,51372.0,Shippensburg University of Pennsylvania
14058.0,1,6823.0,0.2973,0.6064,25000.0,0.7258103241,540.0,530.0,49804.0,Slippery Rock University of Pennsylvania
20780.0,2,1643.0,0.2238,0.1161,17500.0,0.8643410853,740.0,755.0,80398.0,Swarthmore College
21975.0,2,767.0,0.4597,0.9073,27000.0,0.6171243942,538.0,528.0,46325.0,Thiel College
22018.0,2,3727.0,0.3085,0.6082,14744.0,0.8723684211,610.0,615.0,71676.0,Thomas Jefferson University
29648.0,2,1534.0,0.2029,0.7093,27000.0,0.8269230769,645.0,635.0,66081.0,Ursinus College
34784.0,2,7000.0,0.111,0.3689,25874.0,0.8993123772,695.0,725.0,96129.0,Villanova University
26460.0,2,1151.0,0.2936,0.8996,27000.0,0.7829341317,590.0,585.0,69233.0,Washington & Jefferson College
13183.0,1,14152.0,0.2442,0.4956,23500.0,0.7491891892,585.0,575.0,56602.0,West Chester University of Pennsylvania
19763.0,2,1073.0,0.309,0.698,26060.0,0.7991858887,582.0,568.0,53244.0,Westminster College
24012.0,2,2729.0,0.2016,0.7081,27000.0,0.660326087,588.0,590.0,68879.0,Widener University
29807.0,2,2134.0,0.3255,0.7098,26000.0,0.7235099338,575.0,570.0,61498.0,Wilkes University
22019.0,2,664.0,0.245,0.6407,26328.0,0.6042944785,550.0,530.0,41326.0,Wilson College
21615.0,2,3452.0,0.2513,0.6326,26000.0,0.7264815582,564.0,560.0,57528.0,York College of Pennsylvania
26308.0,2,7125.0,0.1375,0.0855,11428.0,0.8700209644,745.0,770.0,87811.0,Brown University
40426.0,2,3060.0,0.1064,0.5175,26849.0,0.8685714286,600.0,610.0,89490.0,Bryant University
34790.0,2,1739.0,0.4677,0.7585,16668.0,0.5244347192,534.0,519.0,45255.0,New England Institute of Technology
36611.0,2,4141.0,0.1456,0.4919,27000.0,0.7881417209,620.0,605.0,79628.0,Providence College
19925.0,1,13850.0,0.2244,0.487,22250.0,0.6944890316,600.0,590.0,67398.0,University of Rhode Island
44371.0,2,2044.0,0.1809,0.3623,27000.0,0.8691206544,670.0,725.0,64562.0,Rhode Island School of Design
17368.0,2,2679.0,0.3717,0.5573,26471.0,0.489010989,560.0,535.0,43163.0,Charleston Southern University
19352.0,2,941.0,0.435,0.6608,26000.0,0.4760536398,549.0,525.0,41948.0,Southern Wesleyan University
18394.0,1,9770.0,0.2109,0.3762,23250.0,0.6024059223,610.0,575.0,50235.0,College of Charleston
22116.0,1,21577.0,0.1483,0.3723,21500.0,0.7755102041,655.0,665.0,69479.0,Clemson University
19890.0,2,834.0,0.5331,0.7545,26000.0,0.3882978723,515.0,535.0,37246.0,Coker University
20181.0,2,743.0,0.3676,0.4819,20000.0,0.6625514403,538.0,500.0,37683.0,Columbia International University
37868.0,2,700.0,0.4393,0.7613,27000.0,0.6772727273,515.0,520.0,47825.0,Erskine College
13020.0,1,2867.0,0.4649,0.5175,27000.0,0.4076060458,520.0,505.0,42263.0,Francis Marion University
25925.0,2,2299.0,0.1105,0.2666,23250.0,0.8255451713,675.0,656.0,60889.0,Furman University
16955.0,1,3392.0,0.412,0.5863,25000.0,0.4598494354,535.0,515.0,41800.0,Lander University
18911.0,2,1226.0,0.4697,0.7882,26805.0,0.5581039755,530.0,515.0,45735.0,Newberry College
19514.0,2,1609.0,0.3372,0.5564,23082.0,0.6076233184,560.0,535.0,41812.0,North Greenville University
21962.0,2,931.0,0.2929,0.7719,26000.0,0.7294429708,555.0,560.0,51619.0,Presbyterian College
12309.0,1,2813.0,0.3738,0.4788,24275.0,0.5174644243,545.0,520.0,46909.0,University of South Carolina Aiken
20796.0,1,26430.0,0.1955,0.4314,21500.0,0.6678196089,630.0,625.0,57734.0,University of South Carolina-Columbia
14382.0,1,9384.0,0.3139,0.5872,23750.0,0.5173085244,560.0,550.0,46189.0,Coastal Carolina University
21075.0,1,2063.0,0.6347,0.6272,31000.0,0.287327478,465.0,460.0,36750.0,South Carolina State University
14661.0,1,4496.0,0.4546,0.5604,22310.0,0.5385132862,535.0,515.0,45359.0,University of South Carolina-Upstate
17033.0,1,3765.0,0.4131,0.6003,26975.0,0.4901878914,565.0,533.0,44718.0,Winthrop University
28012.0,2,1759.0,0.1757,0.4337,25732.0,0.787965616,633.0,625.0,67231.0,Wofford College
27055.0,2,1658.0,0.1727,0.5999,25000.0,0.8290909091,565.0,595.0,53641.0,Augustana University
16448.0,1,2042.0,0.2218,0.3566,26000.0,0.621129326,550.0,510.0,42217.0,Black Hills State University
18619.0,1,1910.0,0.1993,0.4058,23500.0,0.6730268864,570.0,553.0,45973.0,Dakota State University
21847.0,2,654.0,0.3022,0.904,27000.0,0.7014613779,475.0,505.0,49821.0,Dakota Wesleyan University
20382.0,2,666.0,0.2178,0.3749,26396.0,0.6561181435,475.0,455.0,44448.0,Mount Marty University
16810.0,1,1344.0,0.1354,0.2739,22320.0,0.6467486819,565.0,540.0,44493.0,Northern State University
28112.0,2,547.0,0.3528,0.6756,25000.0,0.5949367089,490.0,485.0,45925.0,Presentation College
19592.0,1,1976.0,0.1733,0.4688,27000.0,0.7890410959,615.0,640.0,71277.0,South Dakota School of Mines and Technology
18402.0,1,8651.0,0.1846,0.4901,23250.0,0.759553849,540.0,560.0,52198.0,South Dakota State University
19415.0,1,5328.0,0.2034,0.4677,23592.0,0.6947510094,575.0,595.0,49034.0,University of South Dakota
31519.0,2,7050.0,0.1654,0.353,20500.0,0.7599318956,640.0,605.0,51864.0,Belmont University
16668.0,2,2372.0,0.3653,0.4709,27249.0,0.3350613915,495.0,497.0,44136.0,Bethel University
17457.0,2,1601.0,0.4338,0.5563,21500.0,0.6414662085,535.0,510.0,43846.0,Carson-Newman University
13143.0,2,1261.0,0.3256,0.4147,27000.0,0.5390625,565.0,590.0,53563.0,Christian Brothers University
24627.0,2,2945.0,0.2206,0.3851,19500.0,0.6902587519,600.0,585.0,51858.0,Lipscomb University
23136.0,2,914.0,0.5142,0.537,27000.0,0.3992932862,595.0,615.0,42011.0,Fisk University
17099.0,2,1422.0,0.2334,0.4378,21500.0,0.6715328467,548.0,543.0,42173.0,Freed-Hardeman University
19934.0,2,657.0,0.4292,0.6347,21500.0,0.6151960784,545.0,538.0,38008.0,Johnson University
22218.0,2,1301.0,0.4223,0.6439,22750.0,0.5974607916,535.0,545.0,52834.0,King University
8702.0,2,613.0,0.7951,0.7997,28070.0,0.1638830898,511.0,485.0,31052.0,Le Moyne-Owen College
19443.0,2,3412.0,0.297,0.6612,25750.0,0.5772151899,565.0,550.0,42772.0,Lee University
16017.0,2,1575.0,0.4364,0.617,20000.0,0.5920608108,546.0,564.0,44726.0,Lincoln Memorial University
19613.0,2,741.0,0.4362,0.5284,21500.0,0.4334705075,457.0,533.0,38823.0,The University of Tennessee Southern
21851.0,2,975.0,0.389,0.7285,25375.0,0.6951423786,630.0,580.0,45765.0,Maryville College
12553.0,1,17713.0,0.3438,0.3728,20000.0,0.4965388711,565.0,545.0,46693.0,Middle Tennessee State University
27647.0,2,1983.0,0.1538,0.2592,21761.0,0.8389830508,705.0,705.0,69215.0,Rhodes College
27958.0,2,1725.0,0.1591,0.5851,22855.0,0.8262295082,655.0,640.0,59529.0,The University of the South
14333.0,2,962.0,0.4469,0.6014,20000.0,0.616519174,505.0,550.0,42661.0,Tennessee Wesleyan University
12732.0,1,9970.0,0.3364,0.4124,19500.0,0.5698408689,580.0,550.0,46266.0,The University of Tennessee-Chattanooga
18853.0,1,24957.0,0.24,0.3269,20500.0,0.6843162577,630.0,625.0,56615.0,The University of Tennessee-Knoxville
10857.0,1,4743.0,0.3825,0.3823,21024.0,0.5523928683,555.0,535.0,43043.0,The University of Tennessee-Martin
13516.0,2,1065.0,0.4316,0.5225,23250.0,0.5205585725,505.0,505.0,42969.0,Tusculum University
27475.0,2,1850.0,0.2748,0.518,20714.0,0.6617647059,630.0,595.0,52147.0,Union University
22204.0,2,7104.0,0.1603,0.1084,14000.0,0.8355029586,745.0,780.0,84415.0,Vanderbilt University
29300.0,2,3131.0,0.2636,0.4863,24250.0,0.7013401404,585.0,575.0,51336.0,Abilene Christian University
13499.0,1,5418.0,0.2947,0.3015,20000.0,0.5468140442,535.0,520.0,46355.0,Angelo State University
22677.0,2,1208.0,0.3292,0.5253,24500.0,0.73,620.0,610.0,59728.0,Austin College
37248.0,2,15102.0,0.1647,0.346,23000.0,0.7243295482,625.0,630.0,62913.0,Baylor University
25673.0,2,1707.0,0.2136,0.2737,21852.0,0.558531746,513.0,505.0,54410.0,Concordia University Texas
17998.0,1,7969.0,0.3822,0.439,23000.0,0.5176586812,545.0,530.0,49203.0,Texas A & M University-Corpus Christi
26929.0,2,2717.0,0.2571,0.6608,21591.0,0.5489855072,540.0,530.0,53741.0,Dallas Baptist University
20636.0,2,1496.0,0.246,0.4596,23117.0,0.75,645.0,605.0,56733.0,University of Dallas
14204.0,1,1762.0,0.5158,0.5406,18953.0,0.523099851,490.0,510.0,42272.0,Texas A&M University-Texarkana
13931.0,1,7517.0,0.3955,0.4112,20500.0,0.4657679091,525.0,515.0,48471.0,Texas A & M University-Commerce
21916.0,2,1459.0,0.3907,0.587,24711.0,0.6398779247,540.0,530.0,51029.0,Hardin-Simmons University
18745.0,2,2773.0,0.4782,0.551,22642.0,0.5544840887,580.0,565.0,53245.0,Houston Baptist University
15502.0,1,6747.0,0.4218,0.2902,17831.0,0.5573852295,539.0,535.0,55946.0,University of Houston-Clear Lake
13798.0,1,37553.0,0.3987,0.3033,18194.0,0.6189650689,615.0,620.0,59580.0,University of Houston
10311.0,2,990.0,0.6651,0.7943,30750.0,0.294197031,455.0,455.0,40582.0,Huston-Tillotson University
21244.0,2,4689.0,0.4247,0.5093,27000.0,0.4689873418,530.0,510.0,51494.0,University of the Incarnate Word
13351.0,1,7881.0,0.4226,0.4188,21250.0,0.4398488765,510.0,495.0,45940.0,Lamar University
4667.0,1,6352.0,0.652,0.3319,15000.0,0.5344603381,515.0,495.0,47235.0,Texas A & M International University
23991.0,2,1623.0,0.1987,0.3453,26000.0,0.5745762712,625.0,625.0,55560.0,LeTourneau University
24311.0,2,1275.0,0.3082,0.5507,20948.0,0.5917986952,532.0,532.0,47426.0,Lubbock Christian University
29986.0,2,3176.0,0.3747,0.6916,26000.0,0.5804560261,540.0,525.0,52159.0,University of Mary Hardin-Baylor
22602.0,2,1115.0,0.5032,0.8188,27000.0,0.5298245614,565.0,565.0,46461.0,McMurry University
12006.0,1,32590.0,0.2154,0.4074,19250.0,0.5486280601,570.0,555.0,54047.0,University of North Texas
17926.0,2,1188.0,0.5773,0.6623,24999.0,0.4761476148,495.0,485.0,46486.0,Our Lady of the Lake University
14847.0,1,8444.0,0.6444,0.6793,27000.0,0.2880057458,480.0,465.0,43390.0,Prairie View A & M University
17805.0,2,4240.0,0.1597,0.0721,11000.0,0.8716707022,745.0,785.0,87254.0,Rice University
18241.0,2,2603.0,0.3719,0.3172,19928.0,0.6183986371,565.0,565.0,54322.0,University of St Thomas
15446.0,1,18288.0,0.3941,0.4898,21983.0,0.5815793402,525.0,510.0,52250.0,Sam Houston State University
24028.0,2,967.0,0.3511,0.6341,23250.0,0.6031746032,535.0,530.0,47674.0,Schreiner University
40452.0,2,6894.0,0.1113,0.2202,19500.0,0.7501904037,700.0,725.0,76672.0,Southern Methodist University
22440.0,2,1469.0,0.538,0.6949,24725.0,0.5294635004,505.0,485.0,41771.0,Southwestern Assemblies of God University
25451.0,2,1500.0,0.2483,0.4688,25000.0,0.7441860465,635.0,605.0,60338.0,Southwestern University
15708.0,1,9515.0,0.3702,0.4701,23409.0,0.5218332732,535.0,535.0,48292.0,Stephen F Austin State University
17033.0,1,33175.0,0.3603,0.4696,21000.0,0.5704936576,550.0,535.0,53885.0,Texas State University
17231.0,2,818.0,0.4577,0.5772,26998.0,0.5218295218,525.0,490.0,46824.0,Southwestern Adventist University
15192.0,1,1603.0,0.5562,0.4326,15900.0,0.4396551724,493.0,485.0,44892.0,Sul Ross State University
19151.0,1,11666.0,0.3949,0.5183,19606.0,0.5509441385,535.0,515.0,49993.0,Tarleton State University
11524.0,1,4755.0,0.4899,0.4832,22934.0,0.4809881847,505.0,505.0,49528.0,Texas A & M University-Kingsville
20976.0,1,56006.0,0.204,0.273,17804.0,0.8172941508,625.0,635.0,70877.0,Texas A & M University-College Station
15627.0,1,32658.0,0.3562,0.3497,17527.0,0.5751619048,555.0,555.0,57994.0,The University of Texas at Arlington
17519.0,1,40506.0,0.2381,0.2758,20500.0,0.7677161698,675.0,690.0,72713.0,The University of Texas at Austin
11223.0,1,6752.0,0.3522,0.3366,17137.0,0.5777777778,575.0,570.0,52674.0,The University of Texas at Tyler
39155.0,2,10215.0,0.1366,0.2634,21500.0,0.7658067779,620.0,620.0,63517.0,Texas Christian University
8106.0,1,3443.0,0.3654,0.3683,17750.0,0.5969465649,520.0,510.0,54965.0,The University of Texas Permian Basin
10489.0,1,29151.0,0.4417,0.4455,20500.0,0.5473905724,565.0,555.0,54117.0,The University of Texas at San Antonio
18000.0,1,5726.0,0.6757,0.6416,29000.0,0.2743614002,465.0,445.0,36251.0,Texas Southern University
17313.0,1,32414.0,0.2464,0.3898,21500.0,0.65096517,600.0,595.0,60456.0,Texas Tech University
20526.0,2,1454.0,0.5114,0.5514,23125.0,0.4433164129,520.0,490.0,50920.0,Texas Wesleyan University
11726.0,1,9035.0,0.3736,0.4044,19218.0,0.546930281,535.0,520.0,52581.0,Texas Woman's University
18637.0,2,2509.0,0.1613,0.2804,22954.0,0.8642857143,690.0,684.0,67418.0,Trinity University
18060.0,1,7015.0,0.4169,0.6222,19500.0,0.5558343789,545.0,539.0,49266.0,West Texas A & M University
13522.0,2,31642.0,0.3232,0.1144,11069.0,0.8000703977,670.0,660.0,74630.0,Brigham Young University
14904.0,2,2861.0,0.1639,0.0805,9413.0,0.7104930468,598.0,570.0,50616.0,Brigham Young University-Hawaii
13095.0,1,9297.0,0.2682,0.526,12500.0,0.6889400922,580.0,555.0,49051.0,Southern Utah University
13233.0,1,20516.0,0.2881,0.2221,14340.0,0.7044754038,605.0,590.0,52764.0,Utah State University
12867.0,1,24850.0,0.223,0.2371,19000.0,0.7180530045,640.0,645.0,64456.0,University of Utah
25901.0,2,1153.0,0.2405,0.4215,22250.0,0.726326743,640.0,610.0,60657.0,Westminster College
17575.0,1,1622.0,0.3492,0.6514,24802.0,0.7165957447,534.0,524.0,48163.0,Castleton University
29047.0,2,2837.0,0.1585,0.2143,13857.0,0.8765743073,720.0,735.0,69022.0,Middlebury College
18814.0,1,11081.0,0.1472,0.3941,20951.0,0.8060367454,670.0,655.0,62778.0,University of Vermont
22914.0,2,1094.0,0.4476,0.7178,25000.0,0.5307760928,515.0,518.0,48621.0,Averett University
19119.0,2,1426.0,0.3035,0.6727,26000.0,0.7542579075,583.0,575.0,50510.0,Bridgewater College
18650.0,1,6521.0,0.1228,0.2279,18500.0,0.8327922078,720.0,720.0,69897.0,William & Mary
17120.0,2,4246.0,0.5982,0.5872,24534.0,0.427027027,560.0,535.0,44160.0,Regent University
25031.0,1,4463.0,0.1343,0.4153,25000.0,0.7633819951,620.0,595.0,57364.0,Christopher Newport University
22424.0,2,916.0,0.3158,0.606,24813.0,0.7762478485,640.0,675.0,47702.0,Eastern Mennonite University
22021.0,2,860.0,0.5469,0.8031,27000.0,0.4706911636,535.0,515.0,42933.0,Ferrum College
18581.0,1,26339.0,0.2928,0.3885,19500.0,0.7304276541,625.0,620.0,69958.0,George Mason University
24701.0,2,851.0,0.1782,0.5323,26000.0,0.7885117493,600.0,570.0,70692.0,Hampden-Sydney College
22431.0,1,19743.0,0.1443,0.3261,20093.0,0.8236451049,620.0,605.0,65172.0,James Madison University
18974.0,1,3200.0,0.2553,0.4929,25000.0,0.7379912664,560.0,540.0,49069.0,Longwood University
22547.0,1,3624.0,0.1991,0.3867,20500.0,0.7416131335,635.0,590.0,60281.0,University of Mary Washington
12643.0,1,5004.0,0.6274,0.6478,29000.0,0.2694580015,497.0,475.0,41222.0,Norfolk State University
16948.0,1,18429.0,0.3574,0.4982,24000.0,0.5244003309,570.0,550.0,52678.0,Old Dominion University
16605.0,1,6437.0,0.3729,0.6183,24000.0,0.6760445682,515.0,535.0,52232.0,Radford University
21985.0,2,475.0,0.3858,0.9449,26950.0,0.6483516484,530.0,495.0,48998.0,Randolph College
27541.0,2,1837.0,0.2495,0.6536,27000.0,0.7394209354,590.0,565.0,55411.0,Roanoke College
21387.0,2,1066.0,0.4421,0.507,24224.0,0.4630021142,571.0,552.0,38890.0,Southern Virginia University
19661.0,2,451.0,0.3174,0.5112,27000.0,0.7176470588,580.0,560.0,50618.0,Sweet Briar College
9784.0,1,1102.0,0.2588,0.1858,16750.0,0.5604395604,565.0,545.0,41901.0,University of Virginia's College at Wise
20927.0,1,29699.0,0.1479,0.3532,21500.0,0.8050476047,650.0,660.0,77621.0,Virginia Polytechnic Institute and State University
18904.0,1,20918.0,0.2971,0.4446,21500.0,0.5665124676,605.0,580.0,54300.0,Virginia Commonwealth University
20507.0,1,17041.0,0.1419,0.225,17500.0,0.8572477064,720.0,720.0,80584.0,University of Virginia-Main Campus
21325.0,1,1652.0,0.1372,0.669,22996.0,0.8394793926,600.0,590.0,76984.0,Virginia Military Institute
15359.0,1,3886.0,0.6841,0.7568,26500.0,0.2720568151,480.0,455.0,43364.0,Virginia State University
18052.0,2,1190.0,0.6105,0.625,29000.0,0.1982378855,421.0,404.0,38575.0,Virginia Union University
21339.0,2,1190.0,0.3524,0.6554,27000.0,0.5751879699,635.0,630.0,46249.0,Virginia Wesleyan University
27417.0,2,1850.0,0.1054,0.1542,19500.0,0.8793103448,725.0,745.0,84232.0,Washington and Lee University
21048.0,1,1819.0,0.4543,0.4322,20500.0,0.5498652291,580.0,520.0,42742.0,The Evergreen State College
30828.0,2,4962.0,0.1329,0.3926,24454.0,0.8463316002,650.0,645.0,76325.0,Gonzaga University
23046.0,2,754.0,0.2995,0.6444,20891.0,0.6572580645,558.0,540.0,52311.0,Northwest University
21023.0,2,2331.0,0.3243,0.4689,22578.0,0.7540181691,632.0,632.0,60932.0,Pacific Lutheran University
23215.0,2,1866.0,0.1786,0.4183,25000.0,0.8176733781,640.0,620.0,64570.0,University of Puget Sound
21312.0,2,1347.0,0.3644,0.5323,22500.0,0.6633333333,573.0,538.0,60191.0,Saint Martin's University
24578.0,2,2611.0,0.3309,0.5448,24000.0,0.7880247763,595.0,580.0,61006.0,Seattle Pacific University
35518.0,2,4233.0,0.1893,0.4943,19883.0,0.775256618,605.0,620.0,73484.0,Seattle University
9717.0,1,13933.0,0.2219,0.288,18500.0,0.7431506849,615.0,585.0,59142.0,Western Washington University
30694.0,2,1539.0,0.1404,0.3618,18437.0,0.9298245614,685.0,690.0,64442.0,Whitman College
25823.0,2,2293.0,0.3243,0.5604,25000.0,0.7342465753,590.0,585.0,57211.0,Whitworth University
21244.0,2,706.0,0.5744,0.8251,26000.0,0.6152173913,520.0,485.0,49097.0,Alderson Broaddus University
14599.0,2,167.0,0.4389,0.2398,11000.0,0.8292682927,575.0,538.0,36585.0,Appalachian Bible College
10324.0,2,531.0,0.4429,0.7504,27000.0,0.5314814815,500.0,490.0,45183.0,Bethany College
11143.0,1,1334.0,0.4755,0.5366,18250.0,0.3204724409,500.0,495.0,38646.0,Bluefield State University
9182.0,1,1345.0,0.4826,0.5188,18900.0,0.4786628734,520.0,490.0,40246.0,Concord University
11884.0,1,2908.0,0.358,0.4828,21000.0,0.4459717449,510.0,485.0,38538.0,Fairmont State University
8706.0,1,7175.0,0.376,0.45,23250.0,0.4232300885,540.0,500.0,43564.0,Marshall University
11109.0,1,2299.0,0.3247,0.4569,21600.0,0.503507014,555.0,515.0,47268.0,Shepherd University
15225.0,1,1653.0,0.3265,0.5088,23250.0,0.5026256564,528.0,505.0,41989.0,West Liberty University
11124.0,1,1103.0,0.2699,0.3094,22500.0,0.5825636192,515.0,510.0,55073.0,West Virginia University Institute of Technology
20404.0,2,978.0,0.3759,0.7446,27000.0,0.6412884334,544.0,530.0,48086.0,West Virginia Wesleyan College
13380.0,1,18878.0,0.2174,0.456,22500.0,0.5825636192,570.0,560.0,55073.0,West Virginia University
29188.0,2,599.0,0.4256,0.5675,25125.0,0.6443298969,555.0,510.0,57251.0,Wheeling University
17394.0,2,956.0,0.2791,0.5112,25738.0,0.7819706499,635.0,660.0,53720.0,Beloit College
17958.0,2,602.0,0.2734,0.4691,30571.0,0.5250620347,513.0,603.0,56811.0,Cardinal Stritch University
23592.0,2,2799.0,0.2242,0.6513,27000.0,0.7239101717,590.0,590.0,52782.0,Carroll University
26778.0,2,2616.0,0.2546,0.8185,26000.0,0.6784953868,550.0,540.0,56427.0,Carthage College
21238.0,2,1468.0,0.2448,0.5322,26000.0,0.7928118393,680.0,665.0,50848.0,Lawrence University
20035.0,2,563.0,0.3799,0.3184,14143.0,0.780952381,570.0,510.0,45876.0,Maranatha Baptist University
20682.0,2,1144.0,0.3396,0.7832,25000.0,0.611165524,465.0,475.0,53441.0,Marian University
29102.0,2,7466.0,0.1887,0.4375,23940.0,0.7973447872,635.0,635.0,76417.0,Marquette University
24510.0,2,2554.0,0.2367,0.6618,27000.0,0.8333333333,613.0,670.0,84860.0,Milwaukee School of Engineering
23991.0,2,659.0,0.6244,0.8341,25288.0,0.5547445255,511.0,484.0,47959.0,Mount Mary University
20535.0,2,520.0,0.3509,0.686,25450.0,0.6728971963,550.0,535.0,42687.0,Northland College
18114.0,2,790.0,0.3676,0.7623,27000.0,0.7483443709,530.0,520.0,51436.0,Ripon College
25859.0,2,1919.0,0.1693,0.6036,26731.0,0.8098591549,600.0,590.0,54223.0,Saint Norbert College
18686.0,2,1639.0,0.2454,0.5956,25000.0,0.6976942784,570.0,535.0,52502.0,Viterbo University
20614.0,2,976.0,0.2631,0.7331,26000.0,0.7276785714,540.0,550.0,51291.0,Wisconsin Lutheran College
16708.0,1,33506.0,0.1496,0.2387,20484.0,0.8389795638,680.0,730.0,70586.0,University of Wisconsin-Madison
2703.0,1,2166.0,0.8175,0.043,5500.0,0.5598591549,499.0,475.0,24465.0,University of Puerto Rico-Aguadilla
10890.0,1,2281.0,0.7926,0.0341,5500.0,0.5793357934,482.0,458.0,28013.0,University of Puerto Rico-Carolina
9584.0,1,2537.0,0.7105,0.0223,5000.0,0.7045454545,522.0,497.0,27007.0,University of Puerto Rico-Cayey
9527.0,1,1330.0,0.4909,0.3762,16800.0,0.3975903614,490.0,440.0,39307.0,University of the Virgin Islands
7200.0,2,7645.0,0.1915,0.043,12000.0,0.8992,745.0,775.0,106987.0,Stanford University
9127.0,1,37658.0,0.15,0.2647,19500.0,0.7809330629,640.0,670.0,68414.0,Purdue University-Main Campus
7238.0,1,632.0,0.2972,0.2059,17375.0,0.7066115702,645.0,585.0,49341.0,New College of Florida
23152.0,3,211.0,0.4678,0.7602,15024.0,0.6086956522,540.0,505.0,53900.0,Worsham College of Mortuary Science
11846.0,2,435.0,0.2066,0.324,15650.0,0.7926829268,603.0,700.0,53281.0,Soka University of America
9713.0,1,13884.0,0.2921,0.3235,17622.0,0.593879239,560.0,535.0,52268.0,Florida Gulf Coast University
7599.0,1,783.0,0.4748,0.3646,21500.0,0.7798093248,565.0,555.0,76076.0,University of Connecticut-Waterbury Campus
10174.0,1,506.0,0.3546,0.3511,21500.0,0.7798093248,578.0,570.0,76076.0,University of Connecticut-Avery Point
10225.0,1,2343.0,0.4813,0.3462,21500.0,0.7798093248,585.0,565.0,76076.0,University of Connecticut-Stamford
20993.0,2,298.0,0.3793,0.4639,27000.0,0.3762376238,505.0,495.0,47720.0,The King's University
16163.0,1,1039.0,0.3118,0.3527,21221.0,0.6664015453,618.0,605.0,60461.0,Oregon State University-Cascades Campus
38724.0,3,1129.0,0.2309,0.4901,27000.0,0.7866004963,653.0,632.0,99210.0,DigiPen Institute of Technology
11400.0,1,10377.0,0.5148,0.303,20076.0,0.317294841,530.0,525.0,48225.0,Georgia Gwinnett College
25137.0,2,171.0,0.3023,0.4534,9500.0,0.5731707317,493.0,435.0,37524.0,Visible Music College
33868.0,2,355.0,0.2285,0.7217,21500.0,0.7004048583,645.0,620.0,48900.0,The King's College
9370.0,1,1524.0,0.4498,0.3458,21500.0,0.7798093248,565.0,550.0,76076.0,University of Connecticut-Hartford Campus
32348.0,2,896.0,0.4573,0.8085,21500.0,0.4652137469,470.0,505.0,48846.0,Ottawa University-Surprise
24841.0,2,936.0,0.465,0.5777,27000.0,0.3697735192,535.0,513.0,53864.0,Florida Institute of Technology-Online
15044.0,1,5136.0,0.372,0.4335,20500.0,0.5605442177,605.0,585.0,45008.0,Augusta University
10295.0,1,6745.0,0.4439,0.3873,19000.0,0.3333333333,532.0,520.0,39134.0,Middle Georgia State University
10623.0,1,16515.0,0.2794,0.2383,17750.0,0.6308356218,577.0,555.0,46829.0,University of North Georgia
4517.0,1,4510.0,0.2267,0.16,15000.0,0.6880226425,655.0,645.0,69468.0,University of Florida-Online
18212.0,1,37743.0,0.3497,0.3827,23833.0,0.5311075887,580.0,570.0,54321.0,Kennesaw State University
21913.0,2,770.0,0.237,0.475,25219.0,0.7207207207,542.0,551.0,44385.0,Milligan University
31883.0,2,1066.0,0.1404,0.2577,18250.0,0.7968103957,720.0,760.0,81802.0,Emory University-Oxford College
9477.0,1,6396.0,0.3072,0.3167,21229.0,0.4215463331,550.0,540.0,44672.0,Purdue University Northwest
27521.0,1,72229.0,0.2174,0.4452,25000.0,0.6791956399,620.0,630.0,61185.0,The Pennsylvania State University
